id,review,label
������,"�̼��ű��忡�� ������ �ٸ��� ���ִ� ������ 2���̶� ã�� �������. ��Ʈ���� 2���� ��ƽ�� �Ĺ��� ���� ���Ҵ� 3��, ������ �Ѵ��� ���̴� ����ž���� �ʹ� ���Ҿ��..�Ʊ��ڱ��� ��ǰ���� ���� ���� ��ſ����~�Ϸ�30�ܸ� �Ǹ��Ѵٴ� �ĸ���� ������ �ֹ����̳׿�~���Դ���̰� ���!!",1
Aabecede,"���԰� ��¥ �Ʊ��ڱ� �� �̻��� ���ұ���
������ �ٸ������⿡ ������ �߳����� �����̿���??�� �׸��� �������� ��¥ ¯�������� �� ���Ѽ� �����Ҷ� �Ծ����
�ĸ��� ���ڱ⸸ �Ѱ� �ƴ϶� ���� �ܸ�. ���� �絵 ���� ����ؼ� ģ���� �Ƹ޸�ī�� ���Ѽ� ���� �����Ծ����� �� �����󱸿�.",1
sini4070,"���� ���� �ڱ��ϴ� ���ǰ� ���׸��� 
�ʹ� ��վ ���� ���� �Ծ�� ���������� ���־��",1
Kkkl3625,��¥ �ĸ��� �ʹ� ���־��! ���� �ö����� ã�ƿ��� ���̿��䤾�� �������� �ȿ� ġ��� �������� ���� ����ִµ� �ʹ� ���ְ� ġ��� ������ ��ȭ�� �� �����䤾���� ���׸�� �ʹ� ���ڳ׿�! �����Ѱ��� ������ �ֳ����䤾���� �θ�� ��ð� ���µ� ��û �����ϼ̾��! ���ᵵ �� �ʹ� ���־����ϴ社������Ʈ ��ҷε� ���� ��õ�ؿ�!,1
���ؽ�47,���� �ù��ε� �̷��� ���� ���� �ִ� �� �ֱٿ� �˾ҳ׿� ���� �������θ� �Ĵ� �ĸ��� �Ծ�ôµ� ���ڵ� ���ְ� ���ϵ� �ʹ� �����ϰ� ������ �̻ڰ� ������ ����� �ʹ� ģ���Ͻð� ���Ե� �����ϴ� ģ���� ������ �� �����ͳ׿�????????,1
��¥3000��ŭ,������ ũ�� �����ؿ�! �ٻڽŵ��� ���� ģ���Ͻð� ����ž���� �̼��ű����� �ٷ� ������! ����ϰ� �Դµ��� ��� �̻��̿���!,1
������1225,����� ���ư�  ������ ���ư�  �ĸ��� ������ ���ư�  �������� ����Ʈ ���Ƴ׿� ^________^,1
����,������ ���� ���鼭�� ����ϰ� �̼��ű���� �ʹ� ���ƿ�:),1
�߹ٸ�83,�������� ��� �������ĸ��� ���־�� ��Ʈ�� ���� ���Ͻø� �����غ���,1
�����α��ְ�,"�쿬�ϰ� ��ȴٰ� 
�׳� �ʹ� ���Ƽ� �ٽ� �Ծ��
���׸�� 2�� 3������ �ٸ����׸�����־��
2�� ��Ʈ�� ������ ��ȣ�ϴ� ����
������ �߾��� �ĸ��並 �Ծ����
�̽��� ������ ���氡��!!!
�ູ���� ���氡��!!!
����԰� �����е鵵 ģ���ϱ���
�����
�ĸ������
��!
������ġ��� ���־��
�������� ��������
������鼭 ���� �˾Ҵٴ°� ~
�������� �ò�����^^",1
lyc****,"������ �����ϱ� ���� ī�����ؼ� �Դµ�
�������� Ŀ�Ƕ� �������� �� ������ ���ž��׿䤻��
��¥ ���־��!!",1
���ִ���99,"�����⵵���������ĸ��䵵 ���ֿ���Ф��� 
�������� �ѹ��� �;߰ھ�� ���� ��ġ�����ƿ�",1
Amazing Grace49,"�̷��� ȭ���� �ĸ����Ͽ�!! �Ф�
���ϵ� �ż��ϰ� �޴����� �Ƿθ� �� Ǯ���ֳ׿� !!
�����մϴ�~~~~~~^^
������ ���� �� ġ��� ������ �˰���
���� �����׿�~~~~^^",1
����6791,"��������ͼ� �鸥�ǵ� ���̽��Ƹ�ī�� ���ְ� ����ǳ ������ �ʹ� ��ƿ�,,, �����϶� ���� ����
����žī�䵵 ���ְ� ������ �ǿ������ۿ� ��",1
�˻�,"�׳� ������ �������̿���... ����
�˹ٻ��� ����Ե� ģ���Ͻð� �ĸ��信 ���ؼ� ���µ� ī�䵵 ���ڰ�... �����ְ� �ְ�����!!!!
�������� �� �������� ī�信�� ���ְ� �߸Ծ����ϴ�!!!!!
���ɽð��� �����׷��� ī�信 ����� ���ξ����󱸿� ���� �ѹ��� �����ô� �� ��õ",1
Loyal,"�ָ��� ���̱淡 �ϴ� ���ͺôµ� ���� ���� �ٹ��̳׿�! �ٹ� ��Ÿ�� ���׸��� �ʹ� �����ϴ� ������μ� �ų� �� �ۿ���..�Ф�
������ ���� ������� �ѹ��� �� ������� �;��!",1
Meredith63,"���� 1��2�� ����Դٰ� ��ȴµ�
���� ������ �����̳׿䤻��
���� �����Դϴ�
3���� ���� �������:)
�ĸ��䵵 ��������
���� �Ա⢽",1
����32,"���� ���ǵ�� ���� ���ִ�
�߾� ������ ī���Դϴ�.
����Ե� ģ���Ͻð� �����⵵ ���ƿ�??
�θ�԰� ���ŵ� �����Ͱ��ƿ�",1
hr****,�������� �ѹ� �ͺ��� �;����,1
��ä��whitney40,������ �쿬�� �鷶�µ� ���� ��Ÿ�� ������ �ĸ��� ������ �߾� ȸ���ϴ� ���� �ð� �������~ �̼��� ���� ��ó ���ð� �Ǹ� �θ�԰� �Բ� �湮 ��õ �帳�ϴ� :),1
smiletome,�̼��� ������ ��â���� ���� ���̴� �䰡 ���� �����׿�. ģ���ϰ� ���־��~~,1
�ֽ���6650,�䰡 �ʹ� �̻ڰ� ����� ���͵� �ʹ� ���־�� ���� ���࿡�� �� �������� ��????????????????,1
to****,"Ŀ�ǵ� ���ְ� �䵵 ���־��~~~~
������ �������� �� �ò���~~",1
yie****,"�ҳ����� �ٴ� �Ͼᵹ���� �� �����̳׿�
�߿����̺��� ���� �ǳ��� ��â�̶�������׿�
������� Ư���ϰ� ���ƿ�",1
sseggn21,"�䰡 �ʹ� ���ƿ� 2�� â�� �ʹ� �����ϴ�!!!
���������� �� ���� �̻ڰ� ��������~
���� ����ġ������ ���� ���Դϴ�!!!
Ŀ�ǵ� ���� ���ֳ׿�!!",1
������145,"���� ���佺�� �Ľ�Ÿ �ʹ� ���־��.
�䵵 �ʹ� ���� �������࿡ �� ���� ���̿���><
�������� �պ��� �ʾƼ� �� ���ҽ��ϴ�.",1
op****,"ģ�Ѿ�� ��õ�ް� ���̶� �Դµ�,
�䵵 �ʹ������� Ŀ�Ƕ� ���ᵵ ���ְ�
������ ���ϱ���
�� �ڸ����� ������ �޶� �ʹ� ���ƿ�??
���̵� �θ�Ե� �����ϼ���",1
tjt****,Ŀ�ǵ� ���ᵵ �䵵 ��� ���־�� Ŀ�� ���� ���� ���� �� ���� �����~~!!! ¦¦¦,1
�����97,���� �Ͽ� �ʹ� ���ļ� ���� ���� �Դµ� �ʹ� ������ ���� ���ִ� ���� �߰��ؼ� ����� ���ƿ䤾������ �ָ� �������� �Դµ� ���� �̿��� Ư���� �޴��� �ŷ��ְ� �ٴٿ� �� ��︮�� �����̵嵵 �����⸦ �� ���Ѽ� ������ ������ �˴ϴ�!,1
HYS68,����� ����NO.1 �귱ġ�����̿���! �ö����� �������Ƽ� �丸���� �����ǰ� �ʹ� �����ϴ� :)  �����ε鵵 �湮�ϴ� ������õ�մϴ�! #���� #ī������,1
����8453,"�����غ����� �ٷο��� �� ����ī�䰡�־�Ծ��
�����⵵�ʹ����� �ؿܿ� �°Ͱ��ƿ�
�䵵���� ����Ư�깰 ����ġ�����Ƕ� ���󱸸� ���Ѻ��Ҿ��
���ĵ����־��  �ؿܿ��°Ͱ��ƿ�",1
Hannah54,�ֺ� ������ �� �˻��ϴٰ� �Դµ� ����̻����� �䰡 �ʹ� ���ƿ�?? �ܺ� �ڸ��� ���ڰ� �������� ���̴� �ٴٺ䵵 ���޴ϴ� �������� Ʈ���� �� ���� ���ֱ��� �������ǵ� ���־����ϴ� ���� ��� �Ѳ� ������ �� �ܸ��̳׿�??,1
juju259,"ī�� �տ� �ٴٺ䰡 ���ƿ�
���緹���̵��   �ٴٱ��� ���վ��
Ŀ�Ǹ� ���ƿ�",1
app****,1�� �䰡 �� ���� �ؿ� �����̳׿�. ����� �����ϰ� �ֹ��ߴµ� �ʹ� ���ְ� �ñ״��İ��Դϴ�. �ָ����� �Դ��� �ʹ� ���� �ð��� ��Ҹ� ã���� �����ϴ�. ������ �� ���ڽ��ϴ�.��,1
�ٴ�4543,"���� ī�並 ã�ƺ��ٰ� �ʹ� ������ ���� �������� ��Ⱦ��!
�ȿ����� �ۿ����� �ٴٰ� �ٷ� ���̴� �䰡 �ʹ� ���ƿ䢽
����ž�� ���ڰ� �� �ٸ����־ ���������� ���ڰ� ���Ϳ�!
���ĵ� ó�� �Ծ�� �޴��ε� �ʹ� ���־��
������ ���� �ϴ� ����ģ���� �ʹ� �߸Ծ���䢽
Ŀ�ǿ� ���ᵵ ���ְ� ī������������ �Ծ���ִ� �ñ״�ó ���ᵵ �־ ���ҽ��ϴ碽",1
hsy****,����ġ �� �귱ġ �����ؼ� ���� ���ƿ�! ŹƮ�̴� ��� �Բ� ���� ������� ���ְ� �Ա�����!,1
������52,"�䵵 �ʹ����� ������⿡�� ����, �귱ġ�� �ż��ϰ� ���־��^^ ������ �����󶼿� ���� ������ ����� ������õ�Դϴ�??",1
����9420,"���� �����ϸ鼭 ����� ���� ã�� ���� �Ծ��! 
���̿� �Բ��ϴ� �����̶� ��ó �ؾ������а� �����ϰ� �ٷ� ��ó�� ī���������� �ڽ��� �ʹ� ���ƿ�!
��ħ �԰� �ͼ� Ŀ�ǿ� ���Ḹ �ֹ��ߴٰ� ���̰� ������ٰ� �ؼ� �������갫�󱸵� ���״µ� �ʱ� ���� �����ϰ� �ʹ� ���־��!! ���ִ� �귱ġ �޴��� �λ������� �ʹ� �����մϴ�!! ������ ���ΰ� �Բ� ���� ���� ��Ұ��ƿ�",1
xld****,"�ٴٺ��鼭 �� �Ա� �����̳׿�!
���� �䰡 �߳��ͼ� �λ� ���� ��� ���׿�
���� ���վ �Ʊ⵵ �� �Գ׿�
Ŀ�ǵο�",1
��õ���66,"�䵵 ���� �߿� ���̺����� �ٶ������� �Ļ��ϴ� ����� ���׿�
���� �����ϸ�,,,,,,
�̼��ű��忡�� �Դ� 5õ��¥�� ���ſ� 4õ��¥�� ����� �������� ���׿�.
���� �е� �����Ͻõ絥 �츮���Ը� �̷�������",1
hao****,"ī�信�� ������ ���ǵ� ���� �Դϴ�
�䵵 ���� ���ƿ� ¯¯ 
���������� ����!",1
���Ḿ��,�ʵ��л� ���ſ� �湮�߾��. ��� �߾��� ���ϻ��� ��ſ� �ð� ���½��ϴ�.,1
jym****,"��������ͼ� �߰��� ī�� �� ���÷��̽�
ī�䵵 �ʹ� �̻ڰ� �䵵 �ʹ� ���ƿ�~ ����
��Ʈ�� �������� ������ ���佺��
�ĸ��䵵 ��� �������� �����Դϴ�!!!",1
�����3137,"�ĸ���� ���־��� ���������� �Ѹ��־����ϴ�????
�������� ��ġ�� �ʹ� ���׿�??
���ǵ� ���� �� ��� ���ϴ�??",1
alpaca10,"��ǳ���� �����⵵ ������ ���, ���������̶� ������ �ĸ��� ���־��~
������ ������ ���Դµ� â���� Ŀ�� �ÿ��� �ٶ��� ǳ��Ҹ��� �ʹ� ������ ����!
�������� �� �弼��",1
sh8317,"�̼��ű��� �ٷξտ� �ִ� 
2���� �ִ� ��ȭ���ٹ�
�䵵 �����ְ� 
�ĸ��䵵 ��������� �������ƿ�",1
���5,"���̹��׺� ���� �����Ҹ��� ī�� 1���� �ڲ� �˻��Ǽ� �ö���淡 ����� ������
�� ������ �ٸ� ������ �־� �ű⤾
â���ʿ� �ɾƼ� âƲ�� ���̺���� Ǫ���ϴð� �� �ָ� ���̴� ���ð����� ���鼭 ������ ���� �� �ִ� ��
�۶����� ���١�����",1
�ʾ�5676,�����ϰ� �Ϳ��� ���׸��� �ʹ� ���ƿ�. ���� ���־��.,1
����838,"�氡�� ��Ʈ��ī�䰡 �־ ���Դµ� �����Ⱑ ���׿� ���� ��Ҹ� ��԰� �Դµ��� �������� �ʹ� ���־��!!
�������� �ͼ��� ���ǵ鵵 ���̰� �θ�Խô� ���ǵ鵵 ���̰� ���� �������� ����",1
One4780,"ó�� �湮�ߴµ�, ����ǳ ���׸�� ���� ��� ��׿�.
�󸶸��� �Ծ �ĸ��� �� ���� �� �԰� ���ϴ�??",1
STELLA0906,"�ĸ��� ����� ����? ��.�� �ѳ� ������
���׸�� �Ʊ��ڱ��� 
���� �Ѱ�� ��ġ�ؼ� �䵵 ����",1
����960,"�����Ⱑ ���ƿ�!
������",1
���� ����,"����̵�� ���� ���� ���� ���� ī�信��! 
������ �ĸ��䰡 ��¥ �絵 ���� �پ��� ������ ���� ���� �̻ڴ�����䤾
���������� �����ϰ� �ֹ��� ���ÿ� ���� ġ� ���� �þ�� ��մ������????????",1
�Ƹ�ġ������,�� ���ƿ�~���������� �����ϰ� �ĸ��䵵 �������� �Ծ�� ���ֳ׿�,1
����ÿ4018,"���������� �ȿ� ġ� ����־ �����ڸ��� ������ ��¥��¥ ���ִµ�, �̸� ���������Ŵ� ���� �׻� �ֹ��ϸ� �ٷ� �����ֽʴϴ�!! ������ ����ϴ� ��� ����! Ŀ�Ƕ� �Ծ ���־��~",1
��������,��������ͼ� ���������� �� ���ε� ����Ѱ͸�ŭ ī�� �����⵵ �� ���� ����Ե� ģ���Ͻó׿�~ �ĸ��䵵 ���� �����⳪�� ���ְ� �Ծ����ϴ� ���� ���� �������� �ູ�ϰ� �ϰ� ���׿�~�㿡 �� �鸮�ڽ��ϴ�! ^^,1
�ѹ̸�,����� ģ���Ͻð� �ĸ���� ���ᵵ ���־�� ??????,1
������1225,"������ �̷�����!!!!!!!!
���ᵵ ������ �ĸ��� �޴ޱ��� �������̳׿�
���������� ġ�� �Ӽ����ΰ���?
��¥���ý�!!
����� ��¥ �Ե� ���� ��̳׿� ^^",1
thfyd01,"�ʹ� ���ƿ� �ĸ��信 �����̶� ���� ���ڵ� ���� �ȿ��� ���� ������ �־ �پ��� ���� ���� �ʹ� ���־����ϴ� 
 �ڸ����̵嵵 �����ʰ� ���־�� ¯¯ Ŀ�ǵ� �� �����ҽ��ϴ�
 ������ �� ���� �´ٸ� ���� �ٽ� ���� �ͽ��ϴ� ??",1
jco****,"�䰡 �ʹ� ������~
���ᵵ ���־??????",1
dla****,"�䵵 �ʹ����� �����ϰ� ���׿�, �ۿ����� ���밡���ϴ� �ʹ����ƿ�^^
������ �� ���緹���̵� �ʹ� ���ֽ��ϴ�~!",1
hye****,"�䰡 ���ƿ�.������ ���־�� 
����ũ�� �Ƹ޸�ī�� �ʹ� ���־����ϴ� :)
�̾߱��ϱ⵵ ���� �������� >_<
���� ���� �� �鷯�ֽñ� �ٷ���!",1
mat holic,�����,1
����ȣ3,"���� ������ �¾� �ٴٸ� �����ϴ� ������ ã�ٺ��� ī���ī�������� �Դ�.
ģ�����ϰ� ������� ���� ������ ������ �Ծ�� ������ ó���̾��µ� ������ �̸� �䰡 ���ٰ�  ������ Ʈ���ü������ڿ� ���갫�󱸽��İ�Ƽ�� �ֹ��ؼ� �Ծ��µ�  ���ִٰ� �� �����ϼ̴�.
������ �� ���ڰ� ����ϰ� ���Դ�.
������ �� �������� �䰡 ���ư� ���ĸ��� ���ư� Ŀ�ǵ� ���ִ� �������̴�.",1
��879,"�ٸ������� ��� ���Ⱑ �� �����Ű����ϴ�
Ŀ�ǵ� ���ᵵ ���ֳ׿�
���緹���̵� ������>_<",1
minimini00,"�ҹ���� ã�ƿ���
�����;��µ� ��ó ��� ��Դٰ� 
����!! �ͺ�
������ �� ���� Ŀ�Ǹ��� ����
�����е鵵 ���� ģ����..
���̶� ������ ���ֿ��� �ʹ�.. �ƽ��ٸ�",1
��ũ��Ʈ ���߹�,"������ ���־��� ����Ư��ǰ�� ���� ���� �ֹ��ߴµ� ��������ʰ� ��︮�� ���̿����!! Ư�� ������������ �о ���ټ��� ���ƿ�!
���������",1
��ee,"ī�䰡 �����ϴ� ���� ���� ���ƿ�
�Ľ�Ÿ�� ���ڰ��� �Ļ�޴��� �־ ������ �赵 ä��� �ְ� ���� �����ƿ�",1
suuuy,"�޴��� Ư���ϰ� �߿ܰ����� �ߵǾ��־ ���������� ������ �ް��µ��� ���� �Ա� �ʹ� ���ƿ뤾��
��ǥ�޴� �Ľ�Ÿ�� �ʹ� ���־��!!",1
shin2753,Ź Ʈ�� ���Ǻ䰡 �ĳ�� ó�� ������ �־��~ Ŀ�� ���� ���־ ���� �� ���� Ŀ��?? ���ݵ� �ո����̰� �� �������� ���̿���~,1
ghd****,"������ �湮�ϰ��;��µ� �������� �ְ� �� �ʹ� �ͼ� �� �ƽ��� �׳� ���ư���
�ٽ� ��湮 �ؼ� 1�� 2�� ��Ǫž ���� �� �ѷ����� �ʹ��ʹ� ���� ���Ѱ� ���ƿ� 
��ó ���� �湮�ϽŴٸ� �� �ѹ� �̿��غ�����!! ��鵵 ���̵鵵 ��� �����Ҹ��� �޴��� ���� 
�׸��� ���Ǻ���� �����ϱ� ������ �����ΰ� ���ƿ� !!! ���� ����!! ��θ�� ���ż� �λ��� ! ������! ��� ���ñ� �ٷ���~~!!",1
���̷�24,���� ���ְ� ģ���ϰ� �䵵 ���ƿ�,1
sjy****,�䵵 ���� �귱ġ ���ᵵ ����ϰ� ���־��~~!�����׵� �����ƿ�,1
��Ĳ,�䰡 �ʹ� ���� �߿ܿ��� ������ ������ �����ϴ�. ���ĵ� ���ְ� Ŀ�Ǳ��� ������ �����ǰ� ���ƿ�~!,1
�����,"��ģ���Դϴ�
�����Ǹ��־��
�����ְ�����",1
Sora51,������̳׿� ��� ��� ������ ���ڰ� ���Ϳ�! ���ᵵ ���ְ� ���� ���Ŀ� ���ϱ� ���� �պ����� �ʰ� �����Ҽ��ִ� �ð� ������ �ູ�ؿ�,1
��62,"���� ����ͼ� �������ٰ� �߰��ߴµ�
�䵵 �ʹ����� ���ĵ� ���ֳ׿�~~~~~
�ٴ尡 ���̶� �����Ⱑ �ְ��׿�^^",1
���޻���81,"��������� ���� üũ�ƿ��ϸ鼭 ��ħ ������ ī�並 ã�Ҵµ�~ �� ���ƺ��̴� ī�������� ��! ���̴��󱸿�~ 
�޾��� ��� ���� ���� �߿� ���̺��� �ɾƼ� �Դµ� ����ó�� �䰡���ƿ�. Ŀ�ǵ� ���ְ� ���ĵ� ���ְ�^^ 
���̵� �پ��� ���� ���絵 �ְ� �ٴ�Ҹ� ������  Ŀ�� ���ô� �� ���׿�~!!",1
sunny785,�䰡 ��~�� ���ƿ�! ������� Ư���ְ� ������.�ҸӴ� ��ð� �Դµ� �������� ���ϰ� ���ִٰ� �ϼ̾��.���п� ���� �߾� ����� ���ϴ�!��ȸ�� �Ǹ� �� �����;��,1
����15,�߿� �ְߵ����� �����ؼ� ���Ұ� ī���������� �޴��� �־ ���Ҿ��~~ �⵵���� �����ϰ� ���־��~~! �ٴ尡 �䰡 �����̾ �߿ܿ� �ɾ��ֱ� ���Ҿ��,1
seu****,"������ �����ؼ������� �ִٰ��ؼ� �����߿� ã�ƿԴٰ� ���� �߿��� �ֺ� ��õ���� ã�ƿ� �̰� ī������, ������ Ŀ�� �ֹ��ߴµ� �� �ܵ� ũ�� Ŀ�ǵ� ���־��. ������ ������ �� ���ø� â�� �Ƹ��ٿ� �����غ� �� �ٶ󺸴� �ູ�ϳ׿� ?? 2�� ������ ��ġ�� ���� �� ���� ��� ������ ????",1
����8929,"�ٴٰ� ���̰� �ϴ��� �Ķ��� �䰡 �ʹ� �̻���~
������ �ñ״��� ����� ���Ѻôµ� �޴��ϸ鼭 �Խθ��� Ŀ�ǰ� �ʹ� ���־��. ���ĵ� ���ִٰ��ؼ� ���Ѻ��� �;��µ� �αⰡ ���� �׷��� ���������� �����Ѽ� �ƽ��׿�. ģ����� �����ð� ������ ����~",1
dyw****,�������� �Դµ� ���� ���ư� ��������ư� �ʹ� ���ƿ�?? �������� �ڿ� �����־ ������ ���ϰ� �������� �䰡 ��¥ �������,1
����43,���Ǻ䰡 �ʹ� �̻ڱ�!! �ñ׳��� Ŀ����  �ٴٱ���.����� �⵵�ʹ����� ���־��!! �ι�° �湮�ε� �̹����� �����ϰ����ϴ�~ �������ø� ī������ ���߰���!!!,1
����77,���ᵵ ���հ� �䰡 �ʹ� ���ƿ�~ ������ ���Ծ��µ� ������ ���־��� ���վ���� ������ ���� �԰��ͳ׿�Ф� ����� �����󶼵� ���հ� ���ν���뵵 �����̿���!,1
o0o7181,"ǳ���� ���־��~
�ٴ� �ٷ� ���� �־ �䰡 ���� ������ �߳��ɴϴ�
���ĵ� ���־�� ��
??",1
che****,���� ���� �Ľ�Ÿ �� �弼��!! ��¥ �����̶� ���� �Դµ� �ʹ� ���־ �Ϸ����� �������׿�!! ���� Ʈ���õ� �����Ҿ�䤾�� �׷��� 11�� 20�� ���µ� �ǹ� �� �ڸ��� ���� �����־��µ� �ǹ� �� �ڸ��� ���� �� ���� �����е鵵 ��û ���ž��� ���̴��󱸿�!! 12�� 20�п��� ���� �����̶�� �ȳ����� �ٴ��󱸿䤧�� ���� ��÷��� ���� ������! �׸��� �ٴٺ� ��¥ �ÿ��ϰ� �շ��ֽ��ϴ�!! ������ Ź Ʈ�Դϴ�!! ��¥ �ʹ� ����!!!,1
�� ��,��ġ�� ���� �����ϴ�. 2�� �� ��ġ���� ������ �߳��ɴϴ�.�ٸ� �������� ��¦ �����մϴ�.,1
�θ��θ�88,����� ���ĵ� �����̰� ��� ��¥ ǥ������ ������ �ʹ� ���� �λ� ���Ǻ� ī�� �Ф� �ٴٺ䰡 Ź Ʈ���� ���� �� �� �λ��� �������� ������ ī�俹�� ���� ���� ������ ������� ������ ī��??,1
gmlwls7219,"�䵵 ���� �������� ���� �����ؼ� ���ƿ�!!
�ٶ��δ� �ڸ��� �ְ�, �ٶ� �� �δ� �ڸ��� �־ ���ƿ�!
����ũ�� ���ᵵ ���־ ������ ���� ����",1
soy****,"�ٴٸ� ���� �ɾ������� �����Ǵµ��� �����̿���. �䰡 �ʹ� ���� ���ᵵ ���־��. Ư�� ���ᰡ �ʹ� ���ڰ� ���� �����ε�, �����ε� ��ſ��� ���������׿�. ������� ���ĵ��� ��Ű�淡 �ʹ� ���־�� �߰� �ֹ��Ϸ��ߴ��� ��� �������� �Ծ �� ���� �ƽ������. ������ �湮�Ҷ� ������ �ͼ� �� �Ծ���߰ھ��.",1
������9,"�������� �ʹ� ���ڰ� �Ǿ��ְ� ������������ ���ƿ�:)
�� �Ľ�Ÿ�� �������ε��� ���ְ� �Ծ���
���ڵ� �ʹ� ������ !! 
������ �� ����� ��湮 �Ұſ���^^",1
Cool45,���� �ͼ� ���� �䰡 ���� ī��. �䰡 ��¥ ������. ���� ���� ��ô������. ���� �� �ְ�! ������ ���־��. �׳� ���ڱ⸸ �� ���ᰡ �ƴ϶� ���ڰ� ���ְ� �� �ؿ�. Ŀ�ǿ� ���ᵵ ���־��. �ñ״�ó �޴� �߿� �ٴٱ��� ���Ѻôµ� ���־��??,1
sks2852,������ ���־��^^,1
�ǵδٴ�,"�䰡�ʹ� ���ڰ� ���ĵ� ������
ģ���Ͻð� ���ؿ��̵� ���־ �ٽ� �Ծ�� �񰡿��³����� �䰡 �ְ��Դϴ�
���õ� �������Ϳ� �ְ��Դϴ�",1
jim****,"������ ó���ͼ� ���Ե� �귱ġī��!
���浵 �ʹ��̻ڰ� ī�� ���� �ܺε� �ʹ��̻��� 
���½ð��� �°� ��ٷ��� ���Դµ� ���� ��ȸ ���մϴ� !",1
HyeLin52,"���� ������ ��õ�޾Ƽ� �湮�ߴµ� �����е� ģ���ϰ� �������� ����� �귱ġ�Ŵ��� ���־ ���Ҿ��!
������ �������� �� �湮�Ϸ�����??????",1
����9372,"���� ���� �ͼ� �鸰��!
���Ǻ� �ʹ� ���ƿ� 
Ư���� ���ᰡ �ְ� ������ �Ļ絵 �����ؿ� 
���� ���� �� ���־��
������⿡ ���� �������� ���õǾ��־��",1
lovelysarah,�䰡 ���� ���� ī�信 ����� Ŀ�ǵ� �ʹ� Ư���ְ� ���־��!!! �ɟ嵵 ���־��!! :),1
Selina33,"���� �ö����� �湮�ϴ� ��!
���� �Ľ�Ÿ �ʹ� ���ְ�,, �䵵 �ʹ� ������ФФФ�",1
����20,�޴��� Ư���ϱ� ���־��!,1
Raphael61,������ ��ͼ� �ôµ� �ٴٺ䰡 �ʹ� ������. ���ڿ� �Ľ�Ÿ�� ���ְ� ���ᵵ �ʹ� ���־ ����ũ�ƿ��Ҷ��� ���׾��. ������ �� �ðԿ�~,1
�ϴ�����,�ٴ尡�� �־� �䰡 ���ƿ�. �Ľ�Ÿ ���� �� ������ ���־��. �ٴҶ� ���� û���� �ֽ�~ Ŀ�ǿ� ���ᰡ ���־��.,1
�ְ��91,"���� ���� ������ ī��� ������ ���Ⱑ ���� �䰡 ���� �� ���ƿ�!
�׶󽺵� ���� �غ� �Ǿ��־ ������ �ÿ��� �� ���� ���� �� ���ƿ�??
Ư�� ���̵尰�� ���� �������Ͱ� ���ڰ� ���ܼ� ������ �� ���Ϳ�  Ŀ�ǵ� ���ĵ� ���ֱ���
���� ������ �ͼ� ������ ���� ������ ���ϴ�!!",1
�Ḹ��5142,�䰡 ��¥ ���ƾ���!! ���� �ٴٰ� �ʹ� �̻ڳ׿�?? ���� �������� ��¥ �̻۵� ������ ���ٴ°� �ʹ� �ƽ�����Ф� ������ ���� �԰��ͼ� �̹����� �����ѸԾ����� �������� �Ծ������! �� �Ľ�Ÿ�� ���־�̴��󱸿䤾�� ��������� ��¥ �ν�Ÿ �����ε� ���� �ʹ� ���־�䤾��! �� �ٴڿ� ����ִ� �����̶� �Ͼ� ����� �λ��� ������ �ʹ� ���ƿ�???? ���� �ʹ� �߳��Ϳ�! ���� ���� ���ø� ���� �� �湮�غ��ô°� ��õ�帳�ϴ� !!����,1
kkang4901,�䰡 ���ƿ�,1
sor****,���� �������ؼ����� �䰡 ���� ī���Դϴ�. ����󶼶� �� ī�信���� �Ĵ� Ŀ�ǰ� ���־��.,1
�̵�����39,�䰡 �����ֳ׿�~~~���� ���ְ� ���̵� ¯,1
Eumi,"���� ���ڸ��� �� ī���ε� �䵵 �ʹ� ����, ���ᰡ ���ֳ׿�!!! ���ĵ� ���ֳ������󱸿�~ ������ ���� ���� �鸮�� �;��~",1
11117936,�ٴٱ������־,1
�׳ɿ���92,"�������� �߿ܰ����� �ʹ� �����׿� 
�������� ���� �߾� �߰�",1
����78,"�䰡 ��¥ ���ƾ���!! ���� �ٴٰ� �ʹ� �̻ڳ׿�?? ���� �������� ��¥ �̻۵� ������ ���ٴ°� �ʹ� �ƽ�����Ф�
������ ���� �԰��ͼ� �̹����� �����ѸԾ����� �������� �Ծ������! �� �Ľ�Ÿ�� ���־�̴��󱸿䤾�� ��������� ��¥ �ν�Ÿ �����ε� ���� �ʹ� ���־�䤾��!
�� �ٴڿ� ����ִ� �����̶� �Ͼ� ����� �λ��� ������ �ʹ� ���ƿ�???? ���� �ʹ� �߳��Ϳ�!
���� ���� ���ø� ���� �� �湮�غ��ô°� ��õ�帳�ϴ� !!����",1
che****,"�������� ����� ���� �� �־�� 
�ٴٸ��ϱ� �ʹ� ���� �䰡 �ʹ� ���ƿ� 
Ŀ�Ƕ� ������ �� ���־��!!!! ���� 
���ĵ� ���� ���־�� �ФФФ� ���߰��� 
�����ó����� 20���̸� �Ϳ� ! 
�����嵵 ���� �־�� ~~ �θ�� ��ð� �ٽ� �������� ���Դϴ� �λ����� ������ ���ϴ�!!",1
��ܵ���54,���� �����̶� �湮�ߴµ� �����Ӱ� �ٴ�.�ĵ� �Ҹ��� ���ĵ� ���ְ� ���� �߾� ����մϴ�~^^,1
hofahoy,����ġ�����ǵ��ʹ����ְ� �ٴٱ������ᵵ �Ѹ��ְ������� ������ְ�����~������ �̻ڰԳ��ͼ� �ʹ����ƿ�~ �ǿ����;�,1
������24,"���� ����ī�� ī������
�귱ġ �޴��� ���� 
���� �ٴٺ� ����
��������",1
bla****,"�˻��ؼ� ã�ƿͺ� ���ε�
�䰡 �ʹ����� �����Ⱑ �̱����δ����̳���
���ĵ� �ʹ� ���־��??
ģ���ϰ� ������ �������̿���!!!",1
������5580,"Ŀ�ǵ� ���ְ� ����Ʈ�� �ʹ� ���־���� !
��¥ �����,, �� �����Դϴ�??",1
wog****,���ִ� �Ľ�Ÿ�� ���ڸ� ������ ���� ����� �Բ� �ϴ� ���� �����ϴ� ������ ������ :) �ٸ԰� ����Ʈ�� ���� Ŀ�ǵ� JMT������ä��,1
���߰���64,�䰡 �ʹ� ���Ƽ� ������ �� ������ Ŀ�ǿ� ���ᵵ ���ְ� �� ���ƿ� ������ ���� �ÿ��ϰ� ���� ���׿� ������ �� �����;��^^,1
�ƾƾƾƹ̹�,�ǹ� �ܰ����� �̻�??���� �Ļ�޴��� �پ��ϰ� �ֹ��� ���� �Ľ�Ÿ�� ������ ���־��!�Ƹ޵� �ÿ��ϰ� �λ��������� ���� �������� ���� �Ļ��Ϸ� ���⵵ ���� Ŀ������ �Ϸ� ���⵵ ���� ��õ !!??,1
����8944,"�������� Ŀ�ǵ� ���־�� 
���� �̸� ��ð��Դµ��� �ʹ� �����Ͻó׿�",1
�����ں���3��,"���� ���� �������� , �������� �鸥 ī������ !
�䵵 �ʹ� ���� , ���ĵ� ���ְ�
������ �� ���־�� ! 

�����θ��� ����� �� ���� ���� �޴����� �� Ư���ϰ� ���� �ְ� ���ƿ�

�����е鵵 ģ���ؼ� �ʹ� ���Ҵ� ���̿���

���� �������� ���� ī�������̶� �Բ��ؼ� �°��� �ʹ� ��ſ� �߾� ��������",1
ROMEDIA79,"���� ��ó�� �쿬�� ���µ� ��û�� �� �����̾����! ���� ���׸�� ����ϰ� Ư�� �ٴ尡�� ���̴� �ܺ� ���̺��� ���� ���ƿ�?? �Ľ�Ÿ, ������, ����, ���̵�, Ŀ�� �� �ֹ��ؼ� �Ծ�þ��. ���� ������ ������ ����Ƽ����!! ���־��???? �λ������� ��� ���� ���� ��ſ� �Ϸ翴���ϴ�.",1
�г۾��ɶ��,��������µ� ���� �ٻ۰�����...������,1
������1,ī�䰡 �ʹ� �̻ѳ׿䤾�� ���￡�� �ö����� ���Ⱑ�����; �������ڸ��� ù�ڽ��� �湮�ߴµ� ����̻��̿���????Ŀ�Ǹ��� ���� ���͵� ���־�䤾����,1
lov****,������ ����ϰ� �䵵 ���ڰ� Ư�� ���� ���̵尡 ���ڰ� ���־ ��õ�����,1
��������29,�������� ����鵵 ���־��!,1
�ϸ�9913,ī�� �䰡 �ʹ����� �����̸��ְ� ���׸�� ���־�� ������� �ְ�,1
�°�,"�ǹ��� �䰡 ���ִ� ���Դϴ�
����� ������ �������� �湮�ߴµ� ��� �������� �� �Ծ��׿� �Ф�
�ƽ��� ��� ����Ʈ�� ���Ḹ ����ũ�ƿ� �ؼ� �Ծ����ϴ�!
�湮�Ͻ÷��� �е� ���� ������ ���� �����Ͽ� �湮�ϼž� �� �� ���ƿ�",1
��ȣ765,������ �ʹ����ְ� �������� �ʹ� ģ���ؼ� �ʹ����ƿ� �䵵 �ʹ����ƿ�,1
hhb****,"�䰡 ���� �̻���!!
�ۿ����� �� �̻Ѱ� �ȿ��� �� �̻� ī��!! ���� ���� ���־� ���� ���� ����ī���ε�~",1
rla****,�ʹ� ���ڰ� �����⵵ ���ƿ�.. Ŀ�� ���־��!!! ���� ���� �� ����� �ϴ� �� ���ƿ� ����,1
����52,"�������� �쿬�� ���� �ٴپ� ī��
��ó ��ǿ� �����ø� ������� ���� ���ƿ� 
�귱ġ�� Ŀ�� ���� ���°� ����� 
�� ���ð� ����~~",1
n22****,"�����̳ʹ� ���ڰ�
���������� �Դ���
�̷��� ������ �߳��Ϳ�",1
noeul913,�쿬�� �鸥 ī���ε� �䰡 �ʹ����� ���ᵵ ���ĵ� ���� ���ֽ��ϴ� �����е鵵 ģ���ϰ� �׶� ��������ž�� ������ ���ݾ� �޶� ���׸� �������� ū �����  �������� ������ �ִ� ī���Դϴ�!  ��� �ʹ� ���ڳ׿�!,1
����5197,�ٴ� �ٷο��̶� �䰡 ���ƿ�,1
������39,"���� Ư��ǰ ���� �̿��� ���� ������ �ִ��ؼ� ã�Ҿ��
�������� ���� �Ľ�Ÿ�� �������� ��� ũ���Ľ�Ÿ �ֹ�!
��Ŭ���� ������ ����� ������ ������ ����߾��
Ǫ�� ���� �ٴٰ� ���̴� �䵵 ���Ұ�
���İ� ���� Ŀ�Ǳ��� ���־� �����Ӱ� ���� ���� ���ҽ��ϴ�",1
�Ϸ��ϱ�2628,���� ��ó���� ������ �޷��� ����ߴ� ī��?? ��� ���̻󺸴� �ʹ� �ʹ� ���� ���������� �� �̤� �λ��� �� �ϳ� ������ ���ϴ� ����=3 ����� �ñ״�ó ��� ������!!!!�� ��ź�����,1
Juddy,�䵵 ���� ���� �߳��Ϳ�!! ���� ������ô� �е鲲 ��õ�ϸ� �׻� �����ϰ� ����~^^,1
����������,������ ��¶���� ���� ���Ŀ� �湮�ߴµ��� ����� �����󱸿�. ���׸��� �����̽Ű� �������� ���� ũ�� ���� ī�俴���ϴ�.,1
������,"�䰡 ����., ������ ������..! ��ȣ���� �������̶�� ���� �� �¾ƿ�??���� ���� �ŷµ� �޶� �ѹ��� �����ø� ���� �� ���ƿ䤾�� �� ������ �����ϰ� �� ���־��! ��湮 �ǻ� �ֽ��ϴ�",1
ȣ����391,���� ������� �Ȱ��� ����� ���� �̷��� ���� ī�䰡 ����׿�. ����Ʈ�� ���ִµ� ���ɽð����� �ټ��� ��� �� �����̴� ���� ���� ���� �� ���ƿ�.,1
�������޻��̾�,�䰡 �ʹ� ����! ���� �ǹ��� ����?�ε� ��Ű�����̶� �� �����ϰ� ��⳪���� ������ ����. ���ῡ ���� ���� ������ �����µ� �ÿ����� ���ְ� ġ�ƹ�Ÿ�� ���ֳ׿� ������ �ѹ� �ͺ��� �;��,1
isssong,�ʹ� ���� ���׸�� ���� �����! ���ִ� ����&����Ŀ������!,1
h n92,���½ð��� ���� �����ϰ� ���Ҿ��^^ �����ϱ� ���ϰ� �������� �м��� �������� �䰡 �ְ�!!,1
��240,"�Ż�ī�� �����ߴٰ��ؼ� �����̶� ���̶� ���ٿԴµ� �䰡 ��¥ ����,,,?? ����ļ� ���� �Դ���",1
��������25,"""����""�� �嵮 ���� �������ؼ� ����� �ð��� �ٳ�Գ׿�~�� ����1�� �̴������� �볪���� ������� 2��3�� �߰��� �ʹ� ���� ���Ǻ���� ������ ī�� ���θ� �������� Ž���ߴµ� �������� ������ �� �Ͱ��� ������ ��׿�~?? �ڴʰ� �ֹ��� ���Ḧ ������ ���� �̵��� ����� ��� �������� ������ ���빰�� �ʰ� �ֺ��� ��� ��Ȳ�������µ� �����в��� ��ġ�� �ʾҴ��� ���� ����ð�",1
����,"���������� ����ؼ� ���ƿ�. ���밡 �������� �־ �䰡 ����, Ŀ�ǵ� ���� ���־��. �����ʱ�� �׷��� �ֹ� ��Ⱑ �ſ� ���, ���̺� ��ġ�� �� �ƽ�����",1
����Ϸ���38,���� �� ���ְ� �䵵 ���ƿ�~ �����嵵 ���õǾ��־ �����մϴ�.,1
bbang rumii,"ī�䰡 ũ�� ������. �ָ��̶� �� ������ ���� �ʾƼ� �ƽ�������, ���ᳪ �� ��� ���־�� :)",1
ghjkghjk,�䰡 �� ������~ ���� �ʱ��ε� ����� ���׿�~ ���̶� Ŀ�� �� �� ���־����!,1
so1228,ǳ�� ���� ���� ���� ���� ����� �Ծ��?? �ֹ� �޾��ֽ� �����е� �� ģ���ϼ̱��� ũ�� ���ν���ʶ� ũ�� ũ�οͻ� ���� ���־��????  ������...  2�ð� �ӹ����µ� ���� ������ �ѹ��� ���ϼ̾�� ���̺� �ʹ� ������ ����� ������ �������ִ� ������ �ٴ� ���鼭 ���� ���ô� �����.. �� �� �ֹ��� �ѻ�� �ѻ�� ģ���ϰ� �Ű� ���ּ�����...  �� �մ� �ֹ��� ���� ��~���� �ɷȴµ� �� �ֹ� ���ʿ� �޴��� �����ڴ� ������ ���� ����� ���� ������ �޴��ǿ� �޴� ���� �̻��� �ֵ�ƿ�.... �ƽ��� �ý��۶����� ���� �� ������ �޻���鵵 ��ٸ��°� �ƴұ� ��ġ���鼭 �Ĵٴ� ������ �ֹ��߳׿�.. ���� �ʱ�� ���������� ���� ���� �ý������� �����Ǿ� ��â�ϼ��� ���ڽ��ϴ�! ??,1
��90,���� ���ְ� ���ᵵ ���־��! �������� �䰡 �ְ�....,1
Hbin70,���� �����ߴٰ� �ϱ淡 �ͺþ��! �ָ� ����� ���Ƽ� �׷��� Ŀ�ǿ��� ź ���� �ʹ� ���� ����... �����ðڴ��󱸿�̤�   �׷��� ��� �ʹ� �������!  ������ �Ѱ��ҵ� �ٽ� �ͺ����ҰͰ��ƿ�!,1
¸��4220,�䰡 �����ݴϴ� Ŀ�ǵ� ���־��,1
�޲ٴ� ����486,���䵵 �ôµ� įį�� ����䵵 �ʹ� �����׿�~~ �߰浵 ���ᵵ �Դٰ� ������ �������~~^^,1
�̶����̸���,�� ¯����~~~~~~~~~����� �׳� �׷��µ� ����Ʈ �������Ƽ� ���ƿ�,1
gyunii,���׸�� ���ְ� ���� ���ƿ�,1
kjh****,�ٴٺ� �ְ��Դϴ�^^,1
����17,�а� �����ؼ� ���ƿ�.,1
����60,"���� Ű����

??���� �԰Ÿ��� ������ Ű���� ������ �������� ���� �Ծ�ǵ� ���� �ı⸦ �÷� ���ϴ�

??���� / ġ�� / ���纣�� ������ ���׶� �佺�� ���ȿ� �پ��� ���� ����ᰡ ����־��

??������ ������ �������� ���� ���������� �������� ������ ������ ���� �ε巴�� ������ ���̿���

??���纣���� �ȿ� ���纣���� ������ �� ���� ��� �ִµ� ����� ������ ������ ������ �� ��ô��󱸿� �� �� �����ϰ� ����̵鵵 ������ �� ���ƿ�",1
������,"���� Ư�깰�� ������ Ű������~
���û��� ġ�2 ������ �����߾��

���û��� ���� ���̷� ������Ⱑ
�ֳּ��°� ������ ���� �� ����
������ �� �ۿ� ���� ���̿���

ġ��� �ߵ����� �־
�ڲٸ� ���� �� ����Ʈ�� ����
�����̾��µ� �� �ڸ�����
�ҵ� �ϰ� ���ҳ׿�

�����̴� �ູ�մϴٿ�

������ �湮���� ���Ͻô����
�ù�� ������ �� ������
���� ������ ��õ�帳�ϴ�~!",1
rla****,"���� ���బ���� ���� ���� ���־ ����Ծ����µ�, �̹��� �������� ��Ź�ؼ� �Ծ�� �Ǿ����! ���û� ���ڸ��� ���� �ּ� �ФФФ� ���纣������ �ӿ� ���纣�� ��û ���ϰ� ������󱸿�. ���� �α��ִ� ������ �� ������ �ֳ׿� �����ؼ� �񵵾ȸ��̰� �Ա� ���ƿ�. �ְ�??",1
����,"���� ���� ���� ģ���� �ʹ� ���ִٸ� ��� �� 
���纣����, ���û��̿���

���⿣ ����غ����� ���� ���� ���� �ְ�bb 
�ε巴�� �̱��� ���� �ӿ� 
�˾��� �� �ִ� ���纣��~
�ڱ����̰ų� ���� �ʰ� 
�� �Ը��� �� �¾Ҵ� ���û�~
�ߵ��� ���ؿ�̤�
���̵鵵 �߸Ծ �Ϸ縸�� �����߽��ϴ٤̤�
���� ���� ����Ŀ�� Ű���� �� �ѹ� ��ź�����
�����մϴ�",1
����̽���,"�ѹټ����� ������� �ұ����!
�ù� �޾� ���������̾ 180��3�� ������
��� ���继ó�� ����.���.����.�ٻ�.�ż��迹��.
��Ȳ������ �˷�����ŭ ������ ǰ���� ���ٸ��׿�.
�ùٹڽ��� ��� �߰����� �ӹڽ� �Ѱ��� ���赵 ���� �ͼ� �� ������Ҿ��.
���� �԰��;��µ� ������۱��� �����ؿ�^^",1
�в���,"���� ���డ�� ���ְ� �Ծ��� �߾��� �־��µ�
��۵� �Ǵ��󱸿� ����
�׷��� �ֹ��ؼ� ������ ��� ������ �Ծ����!
�ְ�!! ��� ���� �������� �Ծ��� �� �״�� ���� �� �־��!! ���纣�� ��¥ ����ֳ׿�~~~ ���־��!!",1
â�Ƿ��ֽ�ȸ��,"���� �����̶�� �մϴ�!��

���� �μպ��ٵ� ũ������� ����

���� �ϰ� �Դ� ���� 
���Ĵ�� �ʹ��ʹ� ���־����! 

ġ� ���û� �ϳ�����µ� 
�ϵ�Ŀ��  �ƹ��̿� ���̼� ���� �Ծ����ϴ�!",1
�ú���86,"��Ȳ�� �Ծ��� �������ǰ Ű���� 
ŭ������ ������� �귱ġ�� �Ա� ���� ��������.
��� ���ĺ��ٴ� �� ������� ���� �Դ� ���� ���� ���� 
?���纣�� ��� ������ ��� �� ���纣������
�� ������� ������ ���԰��� ���������. 
���� ũ��� ���ξ��ٰ� Ŀ�Ƕ� ���� �� ���־��
ġ��� �ȿ� ��� ġ� ��� ����ְ���.
�׿� ���û����� �� ������ ������ �־��.
�����̼��ű���԰Ÿ��� �������� �� �ʼ� �湮 ���ε�
Ư�� �����̶�� ����� �������� �鸦���� ���������ڽ������^^",1
�������,"�ʹ��ʹ� ���־��� ���� Ű������!!
���� ���� ������ ������ �ֳ׿� ����

���� ���బ�ٰ� �ʼ��� �� ��ȴٿ���� ���α׿��� ���� �ٳ�Դµ� ���� �������� ������ >_<

���� ���纣�� ġ�� 3�� ������ �� ��žߵǿ� ���� ���麸�� ���� ����ִ°� �̷��� ���ִ� �� ÷�Ծ!!",1
bro****,�̼��ű��� �տ� �ִ� �������Դϴ�! ���� ����ڸ��� ǳ��� ������ �����⿡ �Ծ�⵵ ���� ���ִ°� �������� �ε巴�� �����ϰ� ���־����ϴ�! ���� �湮������ ���ǰ���� ��õ�帳�ϴ�!????,1
�´���39,"���û� ġ� �Ծ�Ҵµ�
���� ��� �ְ� ������ ǳ�̰���
����ü�� ������ �����̰�
ġ� ¬©�ϰ� ��� �������¸�
 
������̶� �߶�԰��� ���ϳ׿� ����
������ ���� ������ �����̿����!!",1
��ѷѸ���,"������ ���� ���డ�̴ٰ� ��Ȳ���̶�鼭 ������ ����̾��! �� �ϳ��� ��ûŮ�ϴ�.���û��� ġ��� ����̴µ� ���� ���쿡 ��¦ �����Ծ����ϴ�.
�׷��� ���� ��¦ �ٻ������� ���� ��û �ε巴�׿�! ���纣���� ����ϴٰ� ���� ġ�������ؼ� ġ��� ��ټ̴µ� ���纣������ �ñ������׿�. ���û��� ���� �����ϴٰ� �Ͻô��󱸿�. �������� �������� �湮�ҰԿ�",1
Delight Jin,"������ ���� �� ������ �ִ� ��! �� �ʹ� ���־��̸̤��� �� �ǰ� ���ϰ� ���������̱� ���������ϱ� ���� �ٻ��ϰ� ���� ������ �� �ְ��Դϴ�
���纣������ ���纣�� ��û ���� ����־ ���־��??",1
������ �� �Ѽ���,"�������బ�ٰ� �����Ǹ����� �Ǹ���Ű������ �湮�߾��. �Ծ������
Ȯ���� �˰� �Ǿ��׿�. �� �ٵ� ����Ű�������� ���������� ��� �˼��ְ�
���û��� ġ��� �ʹ� �ʹ� ���ְ�
�߸Ծ����. ��������� �����������
�����赵 ��Ư�ϰ� ���� ������ �ʹ����ֽ��ϴ�. ������ Ȩī��޴��ε� ����
���ε鿡�� �����ϱ⿡ �� ���׿�. ������ ��Ѹ�ŭ �� ����ġ�� �ؼ� ��δٰ� �����ȵ�� ġ��� ���û���
�������� ������ �ʹ� ���׿�
�ټ��� ��� ������ �ֳ׿�. �ù鵵 �����Ѹ�ŭ �ֹ��ؼ� �Ծ�߰ھ��
�ѹ� ����� �ڲ��ڲ� ���̰��� ����°Ż��� ���� ����ôô�Դϴ�. ��Ȳ�Բ��� ���ϽǸ� �ϳ׿�~^^ ���ῡ �����ؼ� �״����� ���ڷ������� 2������ �����Ծ��µ� ��� �������� ���� ��ó��
�ʹ� ���ְ� �Ծ����",1
829����,"���� ����Ŀ�� �������� �׸��� ��Ȳ������ ������ Ű���� �Ծ�ôµ�, ���� ������ ������ �ֳ׿� ����

���û� �ʹ������ϰ� �������� �������� �ؼ� ���־��!!!!!!
�׸��� ���������̱⿡ ���������� �ѹټ��� ������Դϴ� �ФФФ�
���û��� ��¥ �� ��������,,,

ġ��� �ȿ� ġ�� ���־ �� �����ϰ� ���־��!!
ȣ��ȣ���� ��ΰ� ������ ���̿��� ������
�ȳ�!",1
�ַ��ַ�65,"Ű���� !
���� �������� ���� ���� ��Ծ��ŵ��.

����������ε� �����ϴ� ���ϳ׿� 
���� �����°� �ϳ����� ���־ 
���� �ֹ��ظԴµ� �İ��� ���� �ε巯���� ���̵�� ���� �Ա⵵ ����ϴ�",1
dollheeangel,"ó���Ծ ���� Ű������ ũ�Ⱑ Ŀ�� ����ϴ�
�׳� �Ծ ���ִµ� ���������̾ ������ ������ �ٻ�ٻ� ���� ���� ������ ���� Ŀ�Ƕ� ������ �ʹ� �� ���Ⱦ��^^��ĥ �� �̰ɷ� ���ִ� �귱ġ �ذ��Ϸ��� �մϴ�~~",1
�̷�201ȣ,"ģ���� �������ٰ� ����Ʈ ��������µ� �ʹ��ʹ� ���־��!! 

���嵵 ���忡 �ͼ� ��׷������� �ʰ� ũ�⵵ ��û Ŀ�� ����

���纣���� �˰��̵� ũ�� �ʹ� ���� �ʾƼ� ���ְ� ���û��� ��Ȳ�� �Ծ��� ���̶�� �ϴ� �� ��ź����� !! 

������ ���� �������� ���⼭ �����ؾ߰ھ�䢽",1
������ȣ����,"?? ���û�, ���纣���� ??

������ �޾Ҵµ�, ó���� ���� �̳� Ŀ�� ���� ��������
���� ������ �� ���ִٰ� �ؼ� ���� �Ծ����� �����ϰ� �ε巴��, ������ ������ ȯ���� �����ΰɿ�??????
�� �ȿ� �ʸ��� ���� ������, �ʹ� ������ �ʰ� ������ �޴ޱ��� �ʸ��̶� �������̿���??
�� ���� ���纣�����̿���!! ���纣���� ��¥�� ����־ �� ���ִ��󱸿�~
���� ���� ������ ���� �ְ� �� �� ���Ƽ�, ������ ���� ���� ���ణ�ٸ� �� ����������� ����",1
���ͽ�,"��Ȳ���̶�� ����� �˰� �־��µ�
���� �̰� �Ծ���� �� ������ �����Ұ� ���ƿ�

������ ���û��� ���� �Ծ����͵�� �ٸ� ����!
�ʹ� ������ �ʾƼ� ������ ���Ҵ� ���û��̾����

������ ������ ���� �Ǹ� ������ �� ������ �����ϴ�",1
���1207,"������ ���� ���û� !
��Ȳ�� ��̴� �ϴ��� ����!! 
������ �ѹټ��˿� ������ ����ִ� �ؾ��ұ�? 
�ѹ� �� ���������� 
���� ������ ��ó�� �����ٻ� �����ϸ鼭 �ε巯�����~
������ �귱ġ�ε� ��! �������ε� ���̾���
Ű���� ���û�!
�ù��ֹ��ؼ� ������� �￩���߰���??",1
��ħ�޻� 1942,"���� ��Ȳ������ ������ Ű������
���� ���ǰ+Ư��ǰ���� ���β� ���� �޾Ҵµ�
�ڽ� ���嵵 ����ϰ� ���� ũ�� ����ϸ� �����ؼ� �׳� 3�� �� �Ծ���� ��������
�ù赵 �����ϴٰ� �ؼ� ���� �θ�� ��ö�� ���� ��������߰ھ�� ??",1
�ѵ�35,"���� Ű������ �� �������� �� �� ���ƿ� ���� 
�� ��� �ФФ� ���û� �������� �ε巴��, 
������ �� �ö���°� ���� ���ִ��󱸿� ���� 
���纣������ ���־�̴��� ���� ����� �湮 �ϸ� ���û��̶� ���纣���������غ������Դϴ�!",1
����0527,���� �����ް��� �������బ���� Ű���� ���԰��ͼ� �ƽ����µ� ģ���� �����ֿ� ���బ�ٿԴٰ� Ű���� ����־��׿� �� ��¥ �̰� �ʹ� ���־�� ���� ���̷��� ū���� �ϳ������� ������ �԰ڴٽ;��µ� ���ڸ��� ���ڸ����� �� �Ծ��׿� ���������ϸ鼭�� ����Ѹ��� ���̿��� ����ö� ������ �ӵ� ����ϳ׿�,1
����3221,"Ű������ ���ǰ���� �ٷ��� �ϳ� ��� �ϳ��� ���� �Ծ��µ���! ���纣���� ġ�� �׸��� ���û� ��δ� ���־��!! ���� �ε巴�� ����� Ŀ�� �ѳ� ��������� �����ϴ� ������
ġ��� �����ַε� ����� ���纣������ �ȿ� ���纣���� ���� �����־ ��ŭ�ϴ� ���ִ��󱸿�! ���� ����� �� ���⼭ �� �簡�߰ھ��",1
12345463,"�������� �����ϴٰ� �ؼ� �Ծ�ôµ� ���纣������ ������� ���纣������ ����ϰ� ����
 �İ��� ���׿� �ȿ� ���纣���� ���� ���־ �İ��� ���ƿ� ���û��� �ε巴�� �����ϰ�
��������� �ֳּ��� �ʹ� ���ֳ׿�! �� �������Ű������Դϴ�",1
summ3r���,"?��ũ�Ⱑ ���� Ŀ��~~!
�󱼸��ؿ䤻��������
4���̼� �Ծ ����� ���� ���Դϴ�
���� �� �߶����!!!!! ������!!!!!
���纣��??���� �Ա� ���� �߶��µ� ��� �ε巴������
�׸��� �ȿ� ���纣�� ���� Ȯ ���鼭 ������ �ʹ� �̻����
?���ʿ� �̷��� �����ϰ� ���纣���� ��� ������ϴ�
�ٵ� ���� ���� �ʰ� ������ �ܸ��� �״�� �������� �ʹ� ���Ҿ��
���� �ٸ� ���� �ʹ� �ΰ����� ���� ���� ���ݾƿ�
�󸶳� �ε巯��� �ٷ� ����ϰ� �丮�� �� ���̽���?
���麸�� �� ��ä�Դϴ礻����
��ġ ũ�οͻ�ó�� ����� ���� ����ִ°� ���̼���?
�̷��� �̷��� �ε巯������~!
?���û��� ����+���Ͷ� ���� �󸶳� ������,,,!
�ʹ� ���־ �������Դϴ�~
��ſ�� �� �αⰡ ������ ����� ���ذ� ���ϴ�",1
��������,���� ���� �ٳ�� ������ ��õ���༭ ���� ��Ծ�ôµ� �������� ���ֳ׿� �� ������� ���� ��Դ��� �˰Ű��ƿ� ���� ù���� ���־ ������ ���� ���� ���԰ŵ�� �Ծȿ��� ������ ������ �׷��� Ű���� ġ� ���û��� ������ ����ϰ� ������ ���� �ƴ϶� ��¥ �ѹ������� ���� �Ծ����Ͱ� �����̿��� ������ �� ����� ��û Ŀ�� �絵 ������ �ѹ� ������ �� ���־ ���ڶ�׿�! �� ��Ծ�߰ھ�� ��,1
�Ϸηռ���,������ Ȩī��� �����ϱ⿣ �����ʿ�����!!! ���̵� �������ε� �߸԰� ���� ���û��� ���̵��� ġ��̸��ִٰ� �ϳ׿�! �� ���־��! ���� ���� ����Ʈ ���� �ٿ��� ??,1
�׿���88,�������� �� ����� Ű�������̿��� �ʹ� ���־ ���̵鵵 ��¥ �߸԰� �ѹ� ������ ������ ���� ���̶� �ֺ����� �� ��õ�Ѵ�ϴ�! ���� ��������� ���̿���!!!,1
�Ѳٻ���,�Ĺ��� ī�� �ʹ� ������! ������ ��ȴµ��� �ʹ� �����󱸿� ���ᵵ ���־�� ���� ����� ��û ������ �׸�ŭ ī�䵵 �о �ڸ��� �־��,1
cher1sh912,�䰡 �ʹ� ���� �Ĺ����׸��� ī�䷡��!  ������ �� ���� �ٽ� �������� ���̿���,1
�޸��Ÿ�,���Ǻ䰡 ���� �Ƹ��ٿ���?? ���׸�� ������ �̻ڰ� ���� ���������̿��� ���Ͱ� ����� �׳� �׷����̿��� ������ �ٴٺ�� �� �뼭�ʤ���,1
ddyoung,�Ĺ��� ���� ����ī��� ����� �����Ͻó׿���Ǻ䵵 ���ƿ�,1
tnwjd4907,�ʹ��̻ڰ� ���Ҿ��!! �����ǿ�,1
�� ��,"��ġ�� ī�� ���� ��� ���ƿ�,�����嵵 �о ���ϱ���",1
�ȷ�35,"�ʹ� ���� ���Ǻ� ī���Դϴ�. ���� ���� ���� �����, ����� ���� ����� ����� ���� ������� ��� �� �ִ� ī�信��. Ŀ�Ǹ��� ��븦 ���ߴµ� �������������. �ټ� �������� ź�� �ȳ��� �����մϴ�. ��̴� �����. ����󶼴� ���� �޾Ƽ� �� ������ ����� �˴ϴ�.??",1
������,��� ���� �����󱸿�~ ���ῡ ����� 100�� ���ԵǾ��־����~ ���� ������� 3��?���� �־ ũ�� ���Ҿ��~,1
�̳���¯,���̽�ũ�� �ʹ� ���վ��. ������ �о ���� ���ƿ�,1
�����,�䰡 ������ ��¦��¦ �������� �۶����⵵������ �÷��׸�� �� �Ǿ��־ ȭ������ Ŀ�Ǹ��ô� �����̿��� ���󶼵� Ư���ϰ� ���־����,1
�� �� �� �� ��,�Ĺ���ī��ʹ� ���׿� ���� ���ֱ� �䰡 �ְ��� ���� ���󿡵� �Ĺ��� �ְ� ���佺�Ľ� �־ ���Ҿ��,1
����96,���ῡ ���� �ٴٴ� �� ������ ������ �����ϰ� ����� ��� �ʹ� ���ƿ� :-3 ����� ����Ʈ �����ΰ� ���ƿ�,1
juwoooo,2���� �䰡 �ʹ� ���Ҿ��. Ŀ�Ǵ� �⺻�̿��� ũ���õ� �����߾��. �ٸ� ������ �Ծ�� ���ؼ� �ƽ����� �㿡 ��湮 �ǻ� �־��,1
�����ڻ�23,���� ���� �ʹ����ƿ� �Ĺ������ƿ� �����Ǵ±���̾����!! ī�䳻�� ���������� �־ ��湮�ǻ��־��^^,1
�������� ���߾�,�䰡 �� ���Ҿ�� �����������ֽôº� ���������ʴϴ� ��,1
�߿˾߿�51,"�Ĺ��� ������ ���� �̱׷��� ���ƿ�. �ٴٵ� ���̰�, �¼��� ����, ����� ����û ����",1
Arttherapist,���󶼸� ���ν���ʷ� �߸���Ŵ ���� ����ī���̸� �������� ���� ���ƿ�~,1
�������,Ŀ�ǰ� �������� ���� �� ���ƿ� ������ ��� ���ƿ�!,1
������60,"��� ���ƿ�. �� �Ը�����.. ��Ƽ���ν����, ������Ʈ�� ���ο����..",1
�����sy,�������� ��ġ�� ���� �������� ī�� Ž�� �ϰ� ���ϴ�. ����Ʈ �߸Ծ��� ������� �����Ͻ� �����ƿ�. �ٴٺ� ���� �����嵵 �˳��ϴ� �մԵ� ���ҽ��ϴ�. ���� ����ī��� ���������� ��������^^ ���� �߾� ����� ���ϴ�.,1
�����29,�� �ʹ� �ͼ� ��� ������ ���� ���� �Դµ� �ʹ� ���ƿ�!,1
xa1****,�ƴ��� �Ĺ����̳׿�. ��û ũ�ٰ� �ؼ� ����ߴµ� �״�,1
sos1234,�����嵵 �а� ���Ǻ� ���ƿ�. ������ ģ���ϰ� �ǳ� ������ �־ �����ϴ� ��̵� �ֽ��ϴ�!,1
�ǰ�����51,���������� �鸰���� �ѳ� ���ƿ� �����~~~^^,1
Love fiction,�䰡 ������ �׸��� �Ĺ��� ������ Ǫ��Ǫ�� �ʹ� ���ƿ� ??????,1
ä�ñ�,���׸�� ���ְ� ũ������ ��ο�,1
realjaekyo,���������Ӥ������ǰ����ʹ�^^,1
�ܹ߸Ӹ��׳�79,"������̿���  �����������ٰ� �Դµ� ���׿�~ ����Ʈ�� ���ְ�, ����ī�� �����ƿ� ���̽�ũ���� �������׿䢽 ��ũ�����̵� ���״µ�,  �ο����ֽð� �������ּż���  ���µ� ��������~ ���� ģ���ϸ� �����Ͱ��ƿ�",1
��������,�䰡 ���߾��. �� ������ �� �ٸ� �������� �����游�Ҽ��־��. �������� ��¥ �����ϰ� ���ϴ�^^,1
���ڹ� â��,��Ÿ�� ������ �ٴٺ䰡 ���ƿ�! ��ǳ�������� ���־��,1
��ļ66,���⶧������ ���� �� �� ���� ���� �Ф�,1
juy****,������ �ʹ�ģ���ؼ� ������ұ� ���� �����ϰ����ϱ� �̰� ������ �������� ��ǳ�����մϴ٤��� ���峻 ���׸��� ������ �������߳��Ϳ� ��湮�ǻ��ֽ��ϴ�,1
�κ�124,���Ǻ䵵 �̻ڰ� �ʷ��ʷ��ؼ� �ʹ� ���ƿ� �Դٰ� ¯ ����! �ʹ��� �����鿩 ������ �ٹ� Ƽ�� ���� �ѽð��� �ֱ� �Ʊ�� ����.. ���ᵵ ���ְ� �԰� ���ϴ�,1
��4554,2���� ȯ����. �Ĺ���ī�䰡 �¾ƿ� ǳ���� �� ������ �ڸ��� ������ �־ �����ֽ��ϴ� ���ᵵ ������ ���־��! �������� �ٴٰ� ���̰� �ְ�����,1
���36,ī�䰡 �а� ���׸�� ������. â�� �ٴ� ǳ�浵 �����׿�.,1
��4183,������ �پ��� �� ���� ���ƿ�!!????????,1
LEJ77,�䰡 ���ְ� ������ ���ƿ� �׸��� ��������� �̻޴ϴ�,1
���93,�䰡 �̫����!! ���۶����鼭 Ŀ�Ǹ��ñ� ���� ���ƿ� ?? �����ü��� �� ���ְ� ������ �������� ������ �� �߳��ðŰ��ƿ� �Ф�,1
���繫��,���� ī������ �����ϴµ� ���� �������� �ְ�����!,1
�ϴþƷ�2407,ī�� �ȿ� ������ �Ĺ����� �����ϳ׿�. ���� �ٴ� �� ���鼭 ������ �� �����ϴ� ����~ ���� ���Ŀ� ���� ����� �����ϰ� ���Ҿ��^^,1
�ٸ��ִ�����,��ģ �� ���ƿ�... ���� ī�� �߿� ���� ¯,1
��ä��98,�������� �ʹ�ģ���ؿ�.  ��� �θ��Ұ͵����� �����ߴ´� Ŀ�Ǳ������ִٴ�?? ��湮 200����,1
��ġ��29,�䰡 ��¥���ƿ�..����� ����,1
�̼���54,"�䰡 ���� ���׸��� �ߵǾ��ֳ׿�, �� ���������� �ܺο� ������ �ʹ� ��������!!",1
���ƶ��,���� ���Ǻ� ����γ׿� ������ ũ�� ���ǹ��̶� ���Ҿ��  �׶� ����ž �� �־ ������� ������ �Ĺ���� ������� 2�� ���׸�� ������ ���ο��� ������⵵ ���ƿ�,1
yeo****,���δ� �Ĺ����� �� ��  ������ ��������   �ְ�  Ŀ�� ���ø� �ٶ󺸴� �ٴ� ǳ���� �ʹ� ���׿�,1
ȡ���,�͡� ������ ���Ƽ� ���� ����� ������ �̤� �߿����� ���� ���� ����׿� ���� ���� ��õ�̿�!!,1
�ݾ��ȯ,�䰡 ���ƿ� ! Ŀ�ǵ� ���ֱ�,1
���糪,���� ������ؼ� ������ ���׸��� �����Դµ� ���׸�� ���� ������ ���� ����� ���鵵 �� �� �����Ҿ�� ģ���ϼż� ���ƿ�,1
lhy****,���� ��¥ �а� ������� �ִµ��� �����̿��� ��¥�����䵵 �̻ڰ� ����Ŀ�� ������ ���� �� �����;��!!,1
������84,���ᵵ ���ְ� ��� ������ �ڸ��� ���Ƽ� ��� ���� ���߾�� �� �� �ʹ� ���ڰ� ���� �ѷ��浵 �ʹ� ������!,1
DearJuliet,������ �� �̻ڰ� �ٻ��Ѱ��Դϴ� �䰡 �� ������ ������� ���ƿ�:),1
hhj0348,�䵵 ������ Ŀ�� �� �� ���־�� ��湮�ϰ��;��,1
itsmesuiso,���� ���� ���־���� �ְ� �䵵 �ʹ� ���ƿ�,1
Pilajaaa,??,1
aj��,���׸�� ������ �� ������~~~�䵵 ��ǰ!!,1
�ӷ�04,������ �ʹ� �̻��� ���ᵵ ���ְ� ���ῡ ���� �䰡 ���� �̻���,1
rla****,ũ�οͻ����! ���׸��� ������ �� �ʹ����ƿ�~~ ������ �� �;߰ھ��,1
�ӽ��͵�64,�Ĺ������ƿ� ���ƿ�,1
�Ҽ���,���� �˰� ���� ī�� 1���� ����!  ���Ǻ信 �ʷ��ʷ� �������� ���Ƽ� ��ȭ�� ���� ���ƿ�. ����� ������ �Ǵ� ��ҿ���^^ Ŀ�ǵ� �ʹ� �����׿�~,1
���3062,���׸��� �ʹ� ������ ������!!,1
jgt****,���� ���Ա��� ����� ��θ� ������ ȣ�� �������� �־�� ������ ������ �а� �Ĺ������� �̷� Ŀ�Ǽ��� �־ ���ƿ�,1
hahahoho4670,���׸�� �ʹ� �������! �׸��� ī��ũ��ƻ� �ʹ� ���ֱ���!!,1
�Ѻ�1788,����Դ��� ����� ���� �պ��� �ʾƼ� ���Ҿ��! ������ �ѹ��� �ͺ����� ī���Դϴ�^^,1
Teddy46,���� ���׸�� ���ڰ� �ٴٺ䰡 �ʹ� ���ƿ�~! �����Ͽ� �ͼ� �׷��� ����� ���� ��� ���߽��ϴ�!,1
dachoom,��û ũ�� �̻���!! ������ �ٸ�����???????????,1
jmj****,"Ŀ�Ǹ��ʹ� ����, ������̿���!!  �������� �ʹ� ���� ���� �Ż�ī�� ����!??",1
aud****,��¥ ������ �ְ��Դϴ�! Ŀ�ǵ� �ʹ� ���ְ� �� �ðԿ�^^,1
�ǷնǷ�96,�������� �䰡 �ʹ� ���ƿ� !!,1
�����ְ��۽�,�䰡 �ʹ� ���ƿ�! �������� ���ż� ���� �ְ�..,1
����55,���������� ���� �ְ� ����ϰ� �̻��� ���Ҿ��!!!,1
�� ����,���ε� ���ڰ� �䵵 ���ƿ�~!,1
hyeming07,�䵵 �ʹ� �̻ڰ� ���׸�� ���ֵ� ���� �� ���ƿ� �Ф�,1
�︰��10,�ѿ����ÿ�?? �ǿðԿ�,1
�Ĺ̳���,�а� ���ƿ�~~,1
����������,�а� �̻���!!,1
�̳ù̳�96,"���������� �ν�Ÿ���ߴ� ��������! ��� 11����?�湮�ߴµ� ��~�ؼ� ��Ȳ�ߴµ��� �ϴ� �ѹڽ�(7��)������ ����� �����ְ� �ΰ������尩 3������? ��
���ֱ��� ����  �ٷ� �Ծ�� ����~�ѵ� ���� �߾ȴ��������󱸿�Ф� ���庸�� �� �㳯 ������ �� ���ְ� ��ũ��?���� �� �ߴ��������� ���ƿ�! �ణ ����
����?���ĸ�? �񽺹Ǹ�~ �ϸ鼭  �����ϰ� ����?���� ����~ ���� �źΰ����� ��ģ�� �� ������ �Ծ����~  ���� ����� �ѹ� �Ծ ���̳׿�~ �㳯...",1
��̿�999,"Ƽ�񿡼��� �ô��� ������ �ʹ��ʹ� �ñ��ؼ� ������� ��Ծ�ôµ� �������� ���� ����Ʈ�߿� ���� ���־���� ?? 

������ �ݵ��ݵ��ѵ� �ұ��� �Ѹ��Ű��� ũ���� �ε巴�� ����� �������� ���鼭 ũ�����ѵ� ���� ¬©�ϰ� ���� �˶� �����ؼ� ���̿��� 

��ũƼ�� ���� ���ϰ� ���־��. ������ �������� ������ſ���!",1
��Ű�ٹ�,"���� �����Ŷ� �Ϸ� ������ �����Ŷ� �ణ ���������� �׷��� ���־�� :)  �ٵ� ��ҿ� �� �������ϰų� ũ�� ������ �Ⱦ��ϴ� � �Ը����� ���� �ε���
�����̵��� �ູ�ϰ� ���̼� �ѹڽ� ���ڸ����� �����߾��",1
����9506,�����ϸ� ������ ���Ӹ����̶�淡 �鷶��䤻�� �ʼ��ڽ����� ����? ������� �������� �������� �˱�� ��ũƼ �ڶ��� �غ��ϴ�!! ��ũƼ ������ �޴��ϰ� ���־���� ���� ������ ���󺸴� �� ����! �̱��ؿ�,1
3�ʹ̽İ�,"���ڸ��� �� �߾��????
ũ�� �ż��ϰ� �����־ �������� �ð� �Ʊ����ʳ׿� �������� û���ϰ�����ϰ� ��ó�� �Ͻô°� ����  �� ������ ������ϴ�??",1
������װԋx,�׳� �������ٰ� �����ϴ뼭 ����ũ ��� ��µ� ���� Ư���ְ� ���־��!!! ũ���� ������ �� ���ְ� ¯! �ٵ� �Ϸ� ������ Ȯ���� �����־�� �ٷε�ñ�~~~,1
������������,��??�������࿡�� �����θ��� ���� ��￡ ���� ���� �ϳ��� ������� �ڽ��ְ�~!�����͵�������??����󺸰� Ƣ�䵵�������� �˾Ҵµ� ���� ������ �������� ��! �Ѻκ��� �޴��ϸ鼭�� ��¦ §���� �־ ��§�� �����̳׿�??�̰� ������ �迡 ������� �簡�� ����ġ���� �� �������ϵ�����ũ���̶��..�Ź��ϳ׿�!!ó�� �Ѱ� �԰� �ȳ����� �� ���� ���� ��� �ִ� ũ���ε� ����? ���� �� ���� ���ִ°��� �������� ���������� ����°� �ƽ��׿�??��ũƼ�� �ȴ���.. ����� ���������� ��â�Ͻǵ�??ģ���Ͻñ���� �ؼ� ��е� ������ ����??,1
rok****,ģ�������� �������ٷ��� �����͵����� ���� 4�� �����߽��ϴ�! ������ �����̱� ���� �����͵� �������Τ��� ���������� �ʹ� �̻��� ���������źе� �� �̻ڴٰ� �� �����޶� �Ͻó׿� ������ �ǿͼ� ���� �簡�߰ھ�� ũ���� �����ؼ� �ʹ� ���ֱ� �ڲ� �������ٰ� �ϳ׿�:) �������� �� �����Ϸ� �ðԿ�~,1
Ź�ٿ�,�����͵������� ���⼭�� ���� ���־ �� �Ⱦ��ؾ��ϴ� �����԰Ÿ��������!!,1
shf****,"�� ���� ���� ���� ���� ����
�����ϰ� �� ������ ���־�� ��
���� 9�ùݿ� �ϴµ� ù��°�� ���� ��׿� ��",1
�־�40,"���� ù��,��°�� 
�����ϰ� �ֵ�ƿ� ������ �����ߴ� ��ǰ��̶� �̤�
���ƿ��� �������� �ٴٱ���̶� 
��Ÿ����
��ġ�� �ʰڴٴ� �������
am 8�� 40�� �����Ͽ�
1������ ��� 9�� 30�б��� �߰�
9���� �Ǵ� ������� ���� �����ߴµ�
���� �ð� ����͵�
 ������ ��� ���� ���Ŵ� ������ �� ���Ҿ��
�ٸ� �������Ķ�� ����� �� ���� ��

��ũƼ�� ��¥ ���ϰ� ���־��
���� ���� ���߿�~",1
���״���,�������� ���� ����Ʈ�� �Ծ���ϳ� �ߴµ� �����͵������� ���� �����ϴ��󱸿�!!! �׷��� ��ôµ� ����Ǿ��ִ°͵� �ʹ� �����ְ� ���ڰ� �� ����ּż� ������ ���� ��� ������ �ʹ� ���Ҿ��????????,1
Dingaring,���갫�� �������� ���� ���ͷ� ���� �����͵������� �Ծ�þ��. �� �ڽ����� �ȾƼ� �ƽ��� ȣ��ȣ�� ���� �� �ִ� ��������(�����ϰų� ���갫�� ���� �� ������ ����) ���� ���갫�� ������ �������� �� ����༭ Ư���ְ� ���־����! ������ �Ȱ� �ȴٸ� ������ �� �Ծ�� �ͳ׿�~,1
��������,���� ���� �ʾ����� ���־� ���� ���־� ���Դϴ� ����,1
web****,"��ġĿ�Ǹ��� ��Ư�ؿ�. �ݵ�����ε� ���Ӱ� ���� ������ �� �����׿�.
��ũƼ�� ���־��.
���Ӿȿ� ũ�����Ͱ� ���� ����µ� ���Ѻ���ݸ��������� ���Դϴ�.
�޴�¥�ɷ��Ѱ� ���� ���־��. Ŀ�Ǹ� ���¸�
�������� �� ���Կ�",1
����,"�ѹڽ� 7�� ������!!! ���� �� �ñ��ߴµ�
���� ��� ���� ���� ���������󱸿� ù�� �Ծ����� �������� ���ؼ� �� �����µ� �� �����غ��� ���� �⵵ ������� ??
������ �߰� �Ҽ� �ִ��� ���� ���߰��� 
���̼� �ѹڽ� �� ���� �ߴµ��� ���� ���ƿͼ� ���������Ҷ� �ϳ��� ������ �ܸ��̴��󱸿� 
�����õ� �ٸ����� ���� ���� ���� �����̾���� ��ҷ��� � ����� �ƽ��׿� ������ ������ ���� �������� ���ƿ�...�㿡 ���� ���� �����ſ���!",1
jenyee9399,"���� ������ ���ʽ��� �� �Ծ�ôٰ� �����ߴµ� ����� �Ǵٸ� Ư���ִ� ���� ���� ���ع��Ⱦ��~
������ �׷��� Ư�깰 ���� �� �־ �� ���Ӱ� ���־����~ �� ��ð� �ƽ�������! !",1
�����,"ȣ��ȣ�� ���� �� ������ �� �Ը����� �ʹ� ���־����.
��+����+���� 3������ �˵��ϰ� �Ծ��� �ӹ��� ���� ���Ҿ��~",1
bb2086,"�� ó�������� ���ε� ���־��!!!
���忡 ���༱���� ��� ���µ� �ٵ� ���ִٰ� ���������δٰ� �߽��ϴ٤���",1
ro****,"�� �ܰ͵� �ߵ��� ���� ���� ���� ���� ������ ��ũ���� �������������ʰ� �ʹ� ���־�� Ư���ִ¾��̵��� ����󱸿� ����  ���� ���� ���� ���־�� 
������� ��������  ���� Ư���־��",1
S2spring,"�ѿ� ���û� ���̽��� �߷��ְ�, ���� ���Ϳ� ���� �ְ� ������.. �������ε� ������ ���� ���� �� �𸣰ڳ׿� �̱��� ���һ��� �ƴϰ� �⸧�� ��׻� ����..? ���ڽ� �̻� ��� ���ù鿡 �־��ֽð� ���λ�� 4õ���̶�� �մϴ�.. ���������̶� ���� �����ε� ���� �������̰� �� �������ؿ�^^",1
oi4****,������ �������� �Ծ�� �;��µ� �ҿ������߾�� �Ф�!! ���� ����԰� �ȿ� ũ���� �ʹ� ���־ ���� ģ�� �Ѵ� ��Ʋ��.... �� ��â �����ذ��ϴ� ������ ���� ���ھ��.. ��伦 ����ϴ�,1
BNR19,"�����ϰ� ���ϳ� �Ծ����� ����  ������ ������� �־�״� �Ծ����� ������ �� ���������  ũ���� �����ؼ� �������� ���� �ִµ� �� ���� ���ݾ� �ö����
�� �뷱���� ���Ҿ��",1
����0327,"�ʹ� ���־ �ϳ� �� �԰� ����..!! �ϰ� ���� ������ ������
���� ���� ���� �ʾƵ� �ǰ�, �����ְ�..
�ڲ� �������� ���Դϴ�.",1
������50,�ֺ����� ���ִٰ� �ϼż� ������ �帱���� �� �湮�ؽ��!! �������� �Դµ��� ���� ������ �����^^ �ƾƶ� ��ũ���̶� �ʹ� �߾�︮�׿�!,1
Story09,"���� Ư��ǰ ���� ���ִ� ��������淡 �ű��ؼ� �����ؿԴµ� �̻����̳׿� �������� 
���������°� �����鼭 ����ϱ� ������ ���̳׿�",1
�ٺ�551,"���͸��� ǳ���ؿ� ����Ʈ�� ���׿�.������ �� ũ�� �ҽ��� �� ���ʽ��� 
���� ù ���� ������:) ��� ��������",1
lhs5746,���� ���־� ���� �����Ѱ�,1
kjh****,"������ �������� �����͵����� ���Ծ���ؼ�
�ѻ��� �缭 ������������ ���� ������ �ôµ�
�ʹ� ���ֳ׿�..�� �������������� �Ծ �δ볢�� �ʱ� ������ ��",1
98�ζ�,"�ָ��ε� ������ ���� �ٷ� �����߾��!

�ʹ� ���־��ФФФФ� 
�ʹ� ������ �ʰ� ��§��§ �����ؿ�..
Ŀ�Ƕ� �Ա� �ʹ� ���ƿ�!!>_<",1
æ����,"���������ϰ� �����Ÿ� �����ϴٰ� ���Ⱑ �����õ� �ִ� ���Ӹ����̶�׷��� �湮�߾��! ���� �ѹڽ��� ��Դµ� �ٸ��е麸�� 3,4�ڽ� �簡�ô� �е鵵 �־���䤷0��
������ �����ϰ� ũ���� �˲� ä�����ִ� �����Դϴ�??",1
�εս�23,�� ũ���̶�ϡ� ��¥ ���̵�� ���ƺ����� �׳� �ѹ� ��ôµ� ���� ������ �ʰ� ũ�� �̳� ���� ����ְ� ���ֳ׿� ��¥ ?????? �� ������� ���� ��Ծ���� ���̵� �������� �㿡 ���� ���� �� �԰� �;��,1
�Ҽ����ູ2185,"��������, Ŀ�ǵ� �� ���־��!",1
������4785,ũ���� ���氡�� ����ְ� Ư��ǰ�� ���� ��� �־� ���� ���ִ� �����̿����!! �ٸ� �������� ���� �� ���� ���ο� ���̿����!! �԰� ���� �Ϸ�ۿ� �ȉ�µ� �� �԰� ���� ���̿���!!,1
��������88,���� ��¥ �� ������ �����ٰ� ��¦������! ��� ���� ��ü���� ���� �� ũ���̶�� ���� ���ϱ� ��¦ �����ߴµ� �ѳ� ���ִ� �ͤФ� �Ǹ԰��;��,1
��16,"������ ������ ũ���� �� ����.
����ᰡ ���� �� �ִµ� ���ο��� �ʹ� ���־���. �԰����� �ӵ� ����! �ٽ� �� �������� ����.",1
�̼��� �ֵ�,"���� ���� ���� ȯ���̿�! �θ�Ե� �����ϼ���, ���־��!",1
paq****,���� ���� �� ���������� ������ ��ϴ� ���� ���ֳ׿� Ư�깰���� ���� ��..ó���� ���ݴ�� ���� �� �۾� �����µ�(������ �������)�� ���� �������� ù��°�� ������ϴ� �̰��ݿ� �� �翡 �������� ���� ������ ���־� �����մϴ�,1
loh****,ũ���� ���� ����־ �ʹ� ���ְ� ��ҷ���!! Ư�깰 ���� ���������ε��ʹ� ���Ƽ� ���� ����,1
duc****,�����͵����� ������ڵ� Ư���ϰ� �׳� ���������ƴ϶� ������ Ư�깰 �߿� ������ ������ٰ� �ؼ� �� �Ծ���߰ڴٰ� �����ؼ� �缭 �Ծ�ô��� �ФФ� ��¥ �� �԰� �������� ��� �����������ϴ�! ���ᵵ ���־��????????????,1
Hyunnnnny,�ʹ� ���ְ� �߸Ծ����~�絵 ���� ũ���� ��û ���־ ���� �Ծ� �Ѱ���..������� �ðԿ� �߸Ծ����ϴ�,1
Busybusy,���嵵 �����ϱ� �� ���� �� ���ڰ� ���� �������� �ʹ� Ư���ϸ鼭�� ���־�� �������� �������� �ϳ��� ��ٰ� �� ���־ ���������� ���ڽ� �� ����ȳ׿�ФФ�,1
��Ѻ�,"���� �����ϰ� �� ũ���� �ε巴�� ���־��!
�����е��� ���Һд��� �ֳ׿�.
������ ���ֽôº�, �׾ȿ� ũ���� ¥�� �־��ִ� ��, ������ �Բ� �������ֽô� ��. �� ���� ��ż� ������� ������ �پ ���ҽ��ϴ�!",1
don****,���ְ� �Ծ����ϴ�. ������ �Ⱦ����� �մϴ�.,1
Ű�,"�����±迡 ��Ӵϰ� �������� �ʹ� ����
�ϼż� ���������� 1�� ����1�� ��Դµ� ����
���Ͱ� ���ڱ� �ȿ� ũ�������ؼ� ��������� �ʹ� �߾�︲�� >_<",1
cvb5784,"���� ������ ���ƾ�� �İ� ���� �̱��ϰ�
�ε巯���� �ФФг� ����..
�������ε� �ְ� ���� ã�ҳ׿�!!!!!
�ǳ� �԰��ʹپ�",1
�λ�35,"����Ư�깰 ���̶� �������� �������� �ñ��ؼ�
�����ؿԴµ� ���� ������ ���־����� ���� ����־ �����������׿� �������� ��� ���ܿ� ++",1
soni25,"�����ѹ������� ���°��̶� �λ���� ���þ�� .
���ڵ� ���ڱ� �����ε� ��� ���������Ұ� ���ƿ�. 
�ѻ��ڿ� 7�� �ִµ� ũ���̴� ���� 2������ ������ �� ���԰ڴ��󱸿�.. 5������ �ҷ������̳� �׳� ������ ����ִ� ������ ���Ź�ĵ� ���� ���ھ��. �������� �� �湮�Ϸ�����~",1
mmh****,���ҿ��� �������� �����ؿԾ�� �Ľ����� �� ��µ��ؿ� �Ф� ũ���� �������ִµ� ���� ���� �׷��� ������������ �� ���ƿ� ���� �� �������� Ư���� �޴�?���ƿ�^^,1
fo****,ù���� �Ծ�� ���־ �������� ������ ���ε� �ַ��� �����߾��^^ ���� Ư�깰 ���� ����־ Ư���ְ� �����ϱ� ���� �� ���ƿ�,1
hay****,���� �̼��ű����ó�� �����ϴٰ� �쿬���� �鸰���ε� �����ϸ� ���� �������ڳ���~~���� ÷���� ���Ͱ� �� �������� ���� ���ֳ׿�~~,1
sta****,"ũ���� ������ ��û ����.
�� ���� ������ ����µ� �ż��ϰ� ����ϰ� ��¥ �������� ���־���. ���嵵 �����ϰ� �� ���� �԰����� �������� ����",1
������8245,ũ���� ���氡�� ����ְ� �����͵����� ���� �̸��� �� �׷��� �������� �ߴµ� ��¥ ���� �ɰ��� ���Դϴ�!! �ʹ� ���־ �����ϴ� ���� ����� ���Ҵ�ϴ�??????,1
eliselise,���� �ȿ� ����ũ���̶� ���� �ʹ� ��Ư�ϰ� ���־��.  ��ũƼ ���ϰ� ���־ ��� ��������.,1
xcv****,������ ��ͼ� �Ծ ����Ʈ�߿� ���� ������ �������� ����Ե� ģ���Ͻð�  ������ �ǳ���� �ǵ鸱������ ���������ʰ� ���ֽ��ϴ�!,1
tlssktlsskyo,���� ũ���� �����̶�� ������ ���غ� �����̾��µ� �� �� �������ݵƳ׿� �޴��ϸ鼭 ¬©�ϰ� ���� ���� ��Ⱑ �������� ���� �� ���ְ� �Ծ���� �㿡 �������� �� ���������??,1
���� �����,"��,, ���嵵 �ʹ� �̻ڰ� �̸����� �ɻ�ġ �ʾƼ� ���µ� �������� ��¥ ���� ����̿���,, �������� ���ǿ�? �׷� �����ε� ���� ǫ��ǫ���ϱ� �ε巯���� ������ �ູ�����¸��̿���,, ���ƾ��Ф�  ����ũ���� �ʷϻ��̶� �� �ű��߾�� !! ������ ��ũƼ�� ��Ծ���߰ھ�� ����",1
mic****,���־��. �αⰡ ���Ƽ� �׷��� ������ �ѹڽ��� ���� �߽��ϴ�.,1
tpq****,"���ְ��� �ܰ����Դϴ٢�
���� ����ϰ� ���ݵ� �����ؼ� ���� �ֿ��մϴ� ���� �ѹ������� �ߵ��ǿ� ����",1
ooo****,"�Ƶ���� ���ڰ� �ؼ� 1�ð��� �޷��� �Գ׿�.
�׸�ŭ ���־��. ���� ģ������ ������ ���̳׿�.
�Ƶ���� ������ �ʵ��Ը��̶�� �ƺ��� ������ �Ŷ�� �ߴµ� ���־�䤻�� ���嵵 �̻ڰ�. �����ϱ⵵ ���ڿ���.",1
������79,"������ ��Ӵϰ� ��������־��µ�, �׶� �ʹ� ���ְԸԾ �������迡 ��Ⱦ���� ������ ���ִ��󱸿�~~",1
w_w****,"���� ������ �Կ��� ������
��¥ ó�� �Ծ��...���� ���ͱ׸� �� ������
������ ��ũ�� ���� �Ծ���ʹ�??",1
kim****,���� ��Դٰ� ũ�� �ܶ� �� ����Ʈ �԰� �;� ã�ƺ��ٰ� ���Ⱑ ���� ���� �湮�߾��^^ ũ���� �� �θ��� �� ���� ��û���� �� ���� ���� �峭 �ƴϴ��󱸿䤾������ ���� ������ ����� ����ϰ� �����ּż� ���忡 �ִ°� �� ����� �;���� �Ф� ���� �� ������ ������ �ò� ���ƿ�!!,1
�Ҹ�����29,"���� ���� ���վ�� ����
�������� ���հ� �׳� ����Ʈ���� �ٸ��մµ� �ƴ¾ƴ»���� �ƴ¸����Դϴ� ���ߢ�",1
��71,������ ������ �� ��ź����� ���� �Ծ �����߿� �� ���ִ� �����Դϴ١� �ιڽ� ��ð� �׷����..,1
���Ⱑ �Ҿ�,���� ���బ�ٰ� ���ִٰ� �ؼ� �����ؼ� �Ծ�ôµ� ��Ư�ϴ� ���־��~ ���� �� ����ġ�� ���̳׿�~ ���� �ȿ� ���Ͷ��� �ణ �ÿ��ϰ��ؼ� �Դ°� ���־��~ ������ ����� ��¦ �־��ٰ� ��ø� �� �������� �ؿ�~ ������ ���� ���� �������̶� ȸ�絿�� ������ �߰����� �ذ���ϴ�~^^,1
syl****,������ ���� ����ؿ�� �����״�....,0
des****,������ ���׿�,0
��Ǭ53,�ʹ� ��ο�,0
�ֺ���S2,"Ŀ�ǰ��� �ʹ� ��ο�,,,,��,,,�ڸ����Դϴ�,,, �׸��� �Ƕ����� ���������� �𸣰ڳ׿�,,,��Ű�� 7000�� �̶�,,,",0
�ܹ���102,����. ���� ��ġ�� ������. �ֹ����ϸ� ���� �Ұ���� �Ա����� ���ƿ�. �ű���� ã�ư��� ��ġ�� �������� ����� ����ִٰ�... �߹��� ����,0
��Ȯ��3251,������ ��ο� �䰪~~~,0
1111111189,��� ���ƿ�,0
sun****,��ܴ� �ٺ���.,0
bgszzz,���ᵵ ������� ����Ʈ���� �翡 ���� �ʹ� ��ӡ����Ͽ��� ����� ���Ƽ� �ڸ�ã���� ���ƴٳ����,0
�̻�8224,���� ������ �� ���� ���� ����� �����ϴ� ��.,0
tja****,"Ŀ�ǰ� ������ ���� ����� �������
��Ű�� ���� �ֹ��϶��~
�㿣 ���� �Ȱ�",0
Franc Franc,"�� ������ �ƹ��͵� �����
�Ա��������� ���� ����� ���°͸��� �ֹ��϶�� �ϰ��� Ŀ�ǵ� ��ΰ� ��������, ���ڸ��� �� ���Ƽ��� Ű����ũ�� �ֹ��϶���ϴµ� �ʹ� �����߾��. �ι��� ���� �Ȱ��� ���ƿ�. ���� �ֹ��Ϸ��� ���� ������ ���� �ֹ��ؼ� ������ �����Ͻô°ԡ�",0
�ȿ���77,"Ŀ�Ǹ�  �˼�����,,,  ������������  �¿���������  ���Ϻ��Ŀ����  ����  �����˼�������,, 8000¥��  �ݵ���簡  ��  �����̳���?
�亸�� ������  Ű����ũ  �ֹ���  �ؾ��ϴ�  ������  ��  ��Ű�����Ѵ�,,,",0
Dnwnrkwhgdk,���ᰡ���� �䰪,0
ven****,�����ؼ�  �ٽ� �湮 ���Ұ� ���ƿ�,0
ven****,"������� ����  �����ؼ�  ���� �׿�~~
�� ���������� �ٽ� �湮 ���Ұ� ���ƿ�",0
Staedtler1207,"�� �������� �𸣰ڽ��ϴ�
Ŀ�ǵ� �䵵 �α�ī�信 ���� ���ٰ��� �Ҽ� ���°� ���ƿ�",0
������36,ī��� �а� ��� ���ƿ�. Ŀ�Ǵ� �ٸ� ī�信 ���� ���� ��Ѱ� �ƴ����� ���� �����. �ι��� �ȿ� �� ���ƿ�.,0
ten****,��� ������  Ŀ�ǰ� ���� �����޶� ��û�ϴ�  ���������� �ȵǰ� 2500���� �缭 ���ž� �Ѵٳ׿�  �ڷγ� �����̶�µ� �׷� ����� ���ŵ� �Ǵ°���.....,0
�島��,"7�� ����Ļ��� ����(7��50���ֹ�) 40�� �������� �Ѱܳ��� ���Ծ�� .
���Ḧã�µ� �����ϴ� ī���� �ʸ��� �︮�� �����ȳ� ����� 5�и����ؿ� 
��û ��ģ���ϰ� �������� �����ϴ� ���ߴ��� �����ϳ� ������� ���ô�� ���ϴ������.�� ��� �̷��� ��г��� ī��� ó���Դϴ�.",0
��1629,�¼��� �����ؿ�. ���� ���̺��� �ʹ� ����,0
������0,"���ᰡ ���� ���°� �ƴѵ�,
Ű����ũ�� ���� �׸���� ������ �ʾƼ� ó���� ���� �޾����� �ֹ��� �߸� ���پ˰� ��Ȳ�߾��. Ű����ũ �׸� ���������� �ٲ����� ���Ծ��",0
���������´�,"�� �䰪�Դϴ� ���ݵ� ��ΰ� ������� ����ؿ� ����Ʈ�� ��� �մϴ� 
�׳� �� �ѹ� �ͺ����Ѱ�",0
�׷��̽�2858,������ Ȯ���� �������� ��� ���� ���� ��� ���̿��� �ڸ������� ġ���մϴ�,0
������ ���,��ٻ�� �̷��� ���Ǿ��� ������ Ŀ�� ÷ �Ծ...,0
�����Ǵɷ���,"��ġ�� ������ ����� ����  Ŀ�Ǹ��� �ʹ� ���׿�.  �Ƹ޸�ī�� 6,500���ε� ������ Ŀ�Ǻ��� ���ϳ׿�. ���ο� ������ �ϼž� �ҵ�",0
������õ��̷�,��� �ʹ� ���� ��������������� ���� ������ ����� ������,0
kjs****,����� ġ�Դϴ�,0
�к�����35,��û��γ׿�,0
ũ�����12,��ġ���� Ŀ�� �ʹ���ο� �ٰ���,0
33�����99,"������� �ƴ�
�� ����
�䰪",0
��õ����,�䰪,0
���̰�ġ,"���� �������ΰ��� �ƽ����󱸿� 
�޴��� �ϳ��� 8000���� �Ѵµ� �����ſ� ���ڴ� �����ϴ���;; �信 ���� �� �ƽ����󱸿�",0
Rora49,�����... ��¥ ������ �̾�������..,0
lovenrgs2,��� ��û ��,0
RAMI94,���� ���� ���µ��� ���� ����� ���Ҿ�䤾������ ���� ī���θ�ŭ �����嵵 ������ �ָ����� �����Ͱ��׿䤾�������� â���ڸ��� ���ġ �� ���־��׿�ФФ� ���������Ͱ� �Ѵ���̶� ������ �ڸ�ã�� �Դٰ����Ϸ��� �� �����޾��ФФ�,0
mgs****,�ܶ� ����ϰ� ���µ� ������ ũ�� ī������� �������� �۾� Ź�ڰ� �ٴڴٴ� �پ��ְ� ���ᵵ �����ſ� �ֳ׿� ��,0
mgs****,������ ũ���ؼ� �ܶ� ����ߴµ� �����常 ũ�� ����� �������� �� �۾ƿ�;;; ���̺����ٴڴٴ� �Ф�,0
������26,���� ��ٸ��� ���ε� ����� ��û ���׿� �Ф� �ǳ����� �ʹ� ����,0
���ʸ��丸�ۼ�ȫ�����Գ�������,�̻ڱ��ѵ� ��� õ�� �ٽ� �Ȱ���,0
���ƴ����,��ġ�� �Ф� ��� �Ф�,0
gyq****,����� ���������� �ƴ϶� ��Ĩ�ϴ�,0
����aa,"�մԵ� Ŀ�Ǹ��ôµ� �ǳ��� ����Ʈĥ�ؼ� 
����Ʈ ���� �����ϰ� �߿ܴ� �ϼ��� �������� �־��̾���䡦",0
iss****,��� �̳� ����. �����ϱ� ���� ���� �Ƚ�Ű�� ���� �Ƚ�Ŵ. ����ε�,0
iss****,"��� �̳� ����. �ڷγ� �ɸ��� ������.
�ٵ� ���� ����.
���� ��Ű�� ���� ���� �Ƚ�Ŵ. ��� ������. ����ε�. ���� ���� ������.",0
������,õ�� ���� ���� ����. ���� �Ѹ�� �Ŀ�� ��� . �絵���� .  �����̽ź� �ٸ� ī�� ��õ�� ������,0
�عٶ��1357,"����� �ʹ� ���� ���� �����ڸ��� ����
���� �ʹ� ������ �������� ���ϰ� �ɾ� �ְ� �ʹ�  �θ� ���� ������ �ƽ���
�����̵��� ���� ������  55���Ĵ� �Ⱥ��δ�",0
�װܿ�24,"�ް�ö�̶� �׷��� ��� �ʹ� ���Ƽ� ���Ǻ� �ڸ� ã�°� ��°�� ���̺��ִ� �ڸ� �ñ⵵ ��������.
Ŀ�Ƕ� ������ ��������°� �ȾƱ�  1500��¥�� Ŀ�� ���� �������.  ������ ���־��.
������ ���� ���� Ŀ�Ǽ��� ������ ������ ������ Ŀ�ǰ� ����� ���� �ƴѰ� ���׿�.",0
JOHNMARSTON,��� ������ �־��� ������ ����. ��� �ʹ� ����.,0
wls884,"��� ��û ���Ƽ� �ڸ��� ���µ�;;  ���� ���ڸ� ���̺� ���� �������� ����÷����� ����鶧���� �ڸ��� �ִ°͵� ���������� �μ��� ��¥ �� �������� ������ �޶�ϱ� ��
¿�� ����� ���� �׷� ���̺� �� ġ��� Ź��1���� ���� 4�� �س����ô���;; Ŀ�ǵ� ������ ���͵� ������ �丸 ���� �ٵ� �� ������Ƽ� ������������ ���� ����",0
����72,�����~.. 35�� �Ѵ� �������� �Ͼີ��.. ���� ������ ��¿���� �����ϳ׿�. �����̶�⿣ �״õ� ���� ���뿡 ������ �����Ű����� �̤� �� ���а� ���� ������ ������´� �ʹ� �ҽ��ؿ�,0
lam****,������� �ٱ۹ٱ��ؿ�,0
�����Ŀ������,"���ᰡ �޴��� ������ ���� �޶����ϴ�. 1�ܿ� 8500�������ε� ���� ���̤̤����͵� ���� ��..�̤�
ȭ���� ����3��..â���� �̳� â�� ��ó �¼��� ����..���̺��ִ� �ڸ��� �ɴ� �� ��ü�� ���鱸��. ���̺����� 1����.. ������ ���մϴ�.",0
���ƽý�7263,�׳� ���� ���� ��� ������,0
�ٴҶ�9749,"���� �� ��� �ָ� �������� �պ�� �����ڸ��� ���µ� ������� ��� ������ �����ϴ� ����� ���ٺ��� ���� �����ϰ� �����ϳ׿�!! �¼��� �Ÿ��� ������ ���� ���� �پ�ɾƼ� �������� �Ÿ��ϴ�.  
������ â���ڸ��� ��ġ�ο����� ���Ÿ�� Ʈ���̵� �Ǳ⶧���� �ſ� ����׿� �ָ��� ����õ�Դϴ�.",0
dongle63,�� ����!! ��ġ�� ����� �ϸ��� ������ �ƴ�..,0
�𷡶���,"�� �ʿ� ������ �ʹ� ���Ҿ �ٽ� �湮�ߴµ�
�ʹ� �Ǹ��߾��
ū�Ը� ���� ������ ������ �� �ǰ� ������
Ŀ�ǿ� ����Ʈ�� �ƽ��׿�
���� �ڸ����̶���� ������ 7õ���̳� �ϴ� �󶼴�..... ������ �β��� ����ǰ�� �� ���������� �ʹ� �̰߰��� �׷��� ���������� �𸣰ھ��
��Ű�� ���ó� ��ũ�� ���� ��ҹ鿡 �޶� �ֽó׿� �̰ŵ� 7õ�� ��Ų��... ����� �չٴں��� �۾ƿ�
�߳��� �մԵ� ���ٰ� ������ �Ű��� �Ⱦ��ô°��� �ƽ����ϴ�
������ �ٳ���� �ֺ��� �� ��õ�߾��µ�
������ ��õ ���ϰھ��",0
dag****,"���ͳݺ����Դµ� �������� ���ڶ� ���� �����ϰ� ����� �ʹ� ���Ƽ�  �׳ɱ׷��׿�
���� ������ �Ҽ��ִ°��� �ƴϰŰ��ƿ�",0
Ŭ������,��������¥�а� �׸�ŭ��������� �������������׿䤾,0
rla****,������ο� �ݵ����� ǥ�� ���ּ���,0
reunion,�� ������ �湮�� ���� X,0
����3957,���ᰡ���� ���� ��ο�,0
Singggg,"���ݴ�� Ŀ�Ǹ��� �����׷���. 
�ÿ��ѵ� �ָ��� �ڸ��� �����ؿ�",0
SSAJI,"���ͳ��� �������� �ʰ� Ŀ�Ǵ� ���� ��� ���� �������� 
ī�� �Ը� ȭ����� �͹��� ���� �����մϴ�",0
lovelyissue39,���Ͽ� ���µ��� ��� ��¥ ���׿�.,0
�̻�36,"������̳� ������ ������ϰ�
��� �ʹ����� �ڸ��������",0
���̾�8,"���信 �Ӿ���... Ŀ�ǵ� ������ �ֹ� �޴� ������ �ʹ� ���������� .. 
���̽� �Ƹ޸�ī��� �ֹ��ϱ⸸ �ϰ� ���� ���� ���� ����������... �����󶼵� ���ݸ� ����� �׳� �׷��� 
�⸧���� �Ʊ��",0
���̼Ҵ�41,"ȭ����� �ʹ�~ ��������...�ָ��̶󼭱׷���
������ �� ����ּ���!!! ���� Ŀ�Ǹ��ð� �������߳׿�. �������� �ʿ��ҵ��մϴ�
�׸��� �ٴٺ�� ������ â���� �ʹ��������մϴ�..
���������� ����� ���ֽ��ϴ�",0
gpf****,"�ֹ��Ҷ� ����ũ�ƿ��Ѵٰ� �ߴ��� �߿��̿��� ���� �ȵǴµ� ����������? ��� �ϱ淡 �� �����ƿ��� �����帰 �� ��ٸ��� �ִٰ� ���� �޾Ҵµ� ����?��� ���Ḧ ���� ���� �ƴ� �ſ� ���ͼ� ����ũ�ƿ��� ���� �ȳ�������?��� ����� ��� ¥���θ��鼭 �մ�! �Ʊ� ��������ݾƿ�! ����� ������ ���������.��� ¥��¥���� �Ѥ� ..... ���� �ֹ��Ҷ� �׾�� ����� ������� �ʾҰ��ҤѤ�
�մԸ��Ƽ� ����� �˰ڴµ� ���� ȭ�� ���ϴ�..��ȿ.. ���� �ι��ٽ� �Ȱ����ͳ׿� ����.. 
�׸��� �������� �ſ� �ݸ� �����׿�..
��̰� ����ͼ� �� ��������� ��� ���� ���ƽ��ϴ�.",0
�����Ŀ�,"�� ����, �ٺ��� �׷��� û���� ������",0
pg11,�䰡 ���ƿ� ����� ���� ������ �������� �ʾƿ� �ٺ��� û�Ҹ� ���ϴµ�,0
tw1004se,Ŀ�Ǵ� ���־��!!! Ŀ�ǰ��� ��μ� �׷����Ф� �䵵 ���� �� ������ �߿� ���̺��� û�Ұ� �� �ȵǾ��ֳ׿�Ф� 2������ �亸�� Ŀ�Ǹ��ô°� �� ������ ������ ���ڰ� �����ؿ�Ф�,0
sil****,��� ���� ���ƿ�. ������ �������� ���ݿ� ���� ����� ����߽��ϴ�. û�ῡ ������ �ִ� �� �մϴ�. ���̺��� �� ���� �ʾҴ��� ���������ؼ� �����߾��.,0
nur****,������ �ʹ� �������ؿ�. �Ф�,0
ho0****,��� ������ ���̺� û��� ȭ����� �� ���� �ƽ��׿� �����,0
win****,������ �������߾��,0
�� ������66,�����̶� ���ֿ��� ���µ� �߿����̺��� �ɾ� ������ ȭ��ǳ��� ��û���ؼ� ���İ��� 3�� �Ű� �ٴԿ�. ������ �մԸ��� �������� �Ҽ����ϰ� ������ �� ���ݿ� �ٽ� �ȸ԰� ����.������ ���ֿ��µ� ���� ���� ���� ���� ��� ������.,0
�ູ�ٶ��46,���԰� �ʹ� �۾ƿ�. �Ÿ��α� �ȵǰ� ���θ� �ʹ� �α��� ���̿���... ũ��Ŀ�� ������ �ºκ��ôµ�...,0
act****,���ĵ� ���־��� �޴��� �پ��ؼ� ���Ҿ�� ~ ^^ ī�� ���ε� �����ؼ� ���ҳ׿� ���� ������ �� ���� �ٸ� �޴��� �Ծ� ���߰ھ�� ~~,0
�ΰ�,������� ���ž��µ� ������� ��ٸ��縻�� �ֹ�����ǥ ���� �ְ� �˾Ƽ� �϶�� �µ��� ������. ���̺� û�ᵵ�� ������. ��ġ�� ������ ������ ��� ���°� ��õ.,0
�����ֹ���,�ʹ� ������ ������ ���ϰ� �о ���ƿ� �ٵ� ������ û�Ұ� �ƿ� �ȵǾ��ְ� ������ ���ϴ°Ű��ƿ� �ٴڿ� �����Ⱑ �����ٴϰ� ���̺� �����簡 �ʹ� ���ƿ� �˹ٻ����� �������� ī���� ���� ��� �ʹ� ������ ��ģ���ؿ�,0
lyh****,�䰡 �ʹ� ���ƿ� �׷��� ����� ���Ƽ� �׷��� Ŀ�ǰ� �����µ� 40���̳� �ɸ��׿�� �׸��� �� ���� �ò�������,0
�����԰�,"���� ���, �� ����, �Ĺ���? ������ �Ĺ��� �����̶�� �ϸ鼭 100�� �޴µ� �Ĺ����� �� ���� ���е� �ȵǾ� �ְ� ������ �ȵǾ �׾�°͵� ���� �������� �̱� ���� �Ĺ� ������ ������ �� 100���̶�� ȫ���ϴ°� ���� �ǹ̷� �����ϰ� �Դµ� 100����ŭ�� �����ϴµ�, ���� û�ᵵ ����, �Ƹ޸�ī�� ������, ���信�� �����Դ� Ŀ�Ǻ��� �� ������ ���ν���� ������ ��ǰ ����ǰ ������ �̰͵� ���� ��ǰ ����� �����̶� ���� ũ�� �ٲ���� ũ������ �α���? �����߿����� ������ ������ �������� ��, �� �� ����:  �ٴٰ� �ھ��̶� ����, ���� ������� ���ñ�",0
ry****,"�̿뼳���� ���� ũ������ ����... ��ũ�� ����� ������� �ϸ� �Ǵµ� �ƹ����� ��� 2���ͺ��ϱ� ��� �ٽ� �Ӵٰ�����...�۰� �þ������� ����,... �ǹ��� ũ������ ���̺��� ������ �ٴڿ� ȭ�п��� ���� ���� �귯���ͼ� ����ϰ� ���� ����.. �ι��� �Ȱ���",0
��2344,"���ñ��� ����� �� �����.. ����� ������ ���ôºе��� ����������Ф� �ϼ��� ���� �ʹ� ���ϰ� ���� �������� �� ���ؿ�. ���� ��Ź�帱�Կ�.?? ��������е� ��ż� ������ ���ѵ� �װ� ���� �޸�Ʈ�� ���׿�. �䰪�̱������� ����ũ, Ŀ�ǰ� ���� ���� ��ο�.",0
����76,"������ �̹��� ���Ծ��. ������ȴµ� ��� ��ġ�� ������ ����� �����ó׿�. �ι� �����ؼ� �뷫 ĥ������ ���� ������ ������ ������ �ƴ����� �� �ȿ� 
���� ������ ���� ���ԵǾ�����Ҵµ� ���� ���� �����ؾ��ϳ׿�^^.. ī���� ������ �� �����ϴµ� ������ ���� �⺻���� ������ ���°� ���ƿ�. ���� ��
�ôٽ��� �ƹ��� �ɾ ���� �� �ν����� ���ƴٴϰ� �����Դϴ�. �������� �������̶� ī���� ������ �ٸ� ��� �Դٰ����ϰ� ����ϰ� �׷��µ� ...",0
jmw****,"���Ǻ�, �Ĺ��� ī���� �ؼ� �Դµ� ���� �����ϰ� ���ž� �ҰͰ��ƿ�,,,,,,,, 8300���ε� �絵���� ���� �����Դϴ�,,,,,, �ٴҶ�󶼴� ���� �߰��ߴµ��� ������ ���� ������,,,,,,, ī����ü�� ������ Ŀ�Ǹ��� �Ű澲�ž��ҰͰ��ƿ�,,,,,",0
ciciki,���� ���ڰ� �䵵 ���� ���Դϴٸ� Ŀ�ǰ� �ʹ� ���� ��� ������. ���ν��гʰ� 8000�����ε� ���� ��ź ���̰� ���� ����� ��ũ���� �ƴ� �̷��� �ֹ��ϰ� ��ǰ ���� �� ó���Դϴ�. �׳� ī�� ����� �ް� Ŀ�� ��¥�� �޾Ҵٰ� �����Ϸ�����.,0
������,���� ���ô� ���� Ŀ�ǿ� ��Ÿ�� ���� �־��� ��. �λ� �־��� Ŀ��. but �ְ��� ��.,0
�θ��θ�2,�䰡 ���� �������� ���� ���ٰ� �ؼ� ����� ������ ������ �־ �����ϱ� ���ƿ� ���� ������� �� ���� ���� ���׿�~  �Ƹ޸�ī�� 6õ������ ��¦ ��ѵ� ��̳� ������ ���� �ſ� ����� ���̶� ������,0
Ooaa,�䰡 �ʹ� ���ƿ�.. ������ �⺻���� �䰪���ϴ� ī��׿� �� ������ ĿƮ������ �ʹ� �������� ��ü�ϸ鼭 ���ߴµ� �˼��ϴٴ� ���� ����  �׳��� �� ĿƮ������ ��������ϳ׿�.. �װ͵� ���� ������ �־��׿� ������ �� ������ ��� �����ΰ� ���� �ƽ��׿�..,0
���ܸ�¯31,��� �޴��� ��ΰ� ��θ� ���� �ſ��� ����ֿ��� �Ǵµ�  ���� �Ƶ����嵵 �ƴϰ� �ö�ƽ �ſ� �ƺ�ī�䰡 �´� ���� ���� ���� �ְ� ��е� ���ڱ�� ó���̳׿� Ŀ�Ǹ��� �����  �׷����ص� ��Ÿ� ���� ���� ��ó�� ����� ���ڳ׿�,0
jja****,�ٴ尡���̶������ƿ� ������� ��������ϱ�����  �ٺ����׷��� ��ģ���ϰ� ������ ���̺��� �ֵ��̶� ���� �����ϳ׿�. ������ �̵��װ� �ƾư�6000���ΰ� ����� ��ο�.,0
�����ǳ�����,"������ �� �� ¯ ������,, �ָ����� �Ȱ��� �� ������,, ���� ������ �� �Ƹް��� 6õ��,, �� �����̸� �μ����� ���θ� ��õ�� �� ������ ���� �� �ƽ�,, �ϸ� �� ���� �׷��� ��� ����",0
yellow moon,�ٴٺ��� Ŀ�Ǹ��ñ� ���Ҿ��. �Ը� ũ�� ��ġ�� ������ ������ �������ΰ��� ���� �� ������ϰ� �䷷�ϱ��ϰ� Ŀ�ǰ� ���� ����. ȭ��� ������ ���� �����.,0
��ȭ��ȣ��,"���̼� 7����... ���԰ھ��..
���̼� �� 3~4���� �����ؿ�...??",0
��4872,"1. �����̱� ������ 1�� �̻� ������ ��¦������.
������ �԰����� Ŀ�� ��ũƼ �ٸ������ �Ա�
2. ������ �� ���
7���� 18,000���ε� ũ�Ⱑ �۾Ƽ� �̰� ��ٿ� �ٸ��� ���... ���� �����ε� �Ⱦ�������
3. �ָ��� ������ ����
���Ͽ� ������ �ƴѵ� �ָ�������
�ټ��½ð��� �� �Ʊ��
4. �������� ���� �׸� ���� ���� ������,,
�������� ���͸��� ���̳�
���� ������ ��ȣ�� ������� �׷���
���׿��� ���� �־��ٸ� ��������
ũ�� ���Ŀ��� �����Ǹ�
���� �Ϲ� ���Ӻ��� ���� �����ϰ� Ư������ ����ũ���� ���� �̼��ϰ� ���� ����
5. ������ �ż� ���������� ���ƿ�
Ư���ִ��ؼ� ���ݱ��� ���������� 8�ڽ��� ��� ������ ���������� �Ծ�� ������ ���ݿ� �ٽÿ������� �ƴѰ� ���ƿ� �ѹ��� �ñ��ؼ� �Ծ�ɷθ���",0
bestmilk3,���� ������ ���� �ּ� �ѹڽ��� �ȾƼ� �����θԴ� �������߾�� �����ε� �Ǹ������� ���ھ��,0
�׳ɱ׷�48,"���ο���;;;; �ϳ��� �԰� ó���Ұ�;;
���ݸ� �볻 ���",0
���극,"�ѹڽ��� �ʹ� ��ο��
�׷��� �Ѱ������� �Ѱ��� ����������� �߸Ծ����ϴ� �ٷ� �Դ°� ������ ���ƿ�",0
����Ʈ��6556,������ ���� ����ġ ������ �������� ���̶����? �ѹ� �Ծ�� ������ ȣ��ȣ�� ������ ���ƿ�,0
�÷�,"�Ը����̰� ������ ������, ���� ��ŭ�� ���� �ƴϾ �ƽ������... ���� ��׻� �������� ��7�� �ѹڽ��� ����õ���� ���ִٴ� �ı⿡ ���δ�� �ιڽ� �����ؼ� ��ȸ�߾���
���������� ������������ �Ǹ��ϴ� �� ���� ������, �׷��� �ʹ� ��γ׿� �ФФ�
���� �� ũ���� �ٸ������� ���� �� ���� �ణ�� ��Ư�� ���̱� ������, �� �Կ� �׷��� ����. ȣ��ȣ �����Ͱ��ƿ�.",0
����s,"Ư���ѵ�.. �ϳ������� �԰���..,  �����ε� �Ǹ����������ڴپ�~~~",0
means,���̡� ���̵��� �̲�� �����.,0
�ϻϷηշշ�,����� ���޴����ϱ��ѵ� �� ��Ÿ���� �ƴѰŰ��ƿ�,0
�߽��ľ�,"�ټ��� 40���������� ����.�������� �����, ������ �׷����� �� �׷�����..��¥ �ټ��� �������� �ƴԤ̤е��׻����� �Ĵ� ����� ����.�����°��� �ƴ����� �׷��ٰ� ��� �ټ��� �������� ����ƴѵ�.Ư�� ������.�����̶�⺸�� �������� ����.������ �����κи��� ��κ��� ���� ����.��������ϳ� �ü��� �� �����е��� û�ᵵ������.�ٵ� �� �������� ���̾�����^^;;",0
amy****,�翡 ���� �ݾ״밡 �־��,0
�״�� �Բ����������,���� ���׿�,0
bor****,�״ڳʹ���ο�,0
Ŭ�ι�5810,"��ΰ� ���� ��ģ���߾�� ��.��
������ ���̽�ũ���� ������� ���־����",0
ü������92,�ʹ� ��Ѱ� ���ƿ�..,0
v4823,"���ټ����� �𸣰ھ��
��ΰ� �������",0
���268,������  ��ΰ� ���ݿ� ���� ���� ���翡��,0
ää5561,������ ���� 1����� ���� ������ ���� ������ ���� �߿����� ������� �������� 30�� ���� ��ٷ� ��� 6�� ��Ʈ 2���� ���������� �ֹ��Ͽ� ���� �帮�±迡 ���� �Ծ�ý��ϴ� ��ŵ鲲�� ȣ��ȣ�� ���� �����ó׿� �� ���������� �� �ʹ� �ޱ� �ϴ� ��� �����̾����� ����Ʈ�ϱ� �׷����� �Դϴ� ���� ������ �ؼ� ������ ���� ���� �ƴ��� �ʳ� ��� �����Դϴ� ���� ���ణ�� �׳� �ѹ��� �Ծ�� �մϴ� �����õ� ��� ����� ���� �ٻ� �����̿��� �������ֽô� �������� ģ������ ���� ��� �� �ƽ��⵵ �ϳ׿�,0
cyc****,������ �����̸����𸣰���. ��ģ���ϰ� �����׳ɱ׳�,0
san****,���������� �Ф�,0
otter147227,�Ⱦ��,0
hhs****,���� �ʹ� �����,0
��7655,�����Ǹ� ���ϱ��� ģ������ �����ŵ��ϳ׿�,0
sulla6815,��γ׿�,0
�������ϸ�,"����Ͻôº��� �� �� �ϴµ�
�տ� ��꿡���� ���̽��Ѿ���ߴµ� �� �����, �� ��굵 �� ��� �߰� �����ϳ׿�.
����� ��� 5�� �ۿ� ���µ�,
�����ؼ� �ֹ� �����ñ�...",0
�ް��Һ�15,���� �� ������ �ٸ�ũ�⿡ ���� ��Ȳ...����� ����� ��?! �۾ƿ�.. �Ǹ��̿���..��ȸ�߾��.. ���� 10��¥�� ����..���� ����� �����ε�...,0
�͵��ǿ͵�,���� �׳� ���Ҷ����̰� �޴��ϱ� �ߴµ� �������ٰ� ���� ������ 3500���ε� ���� ���°�... �� ���� �� ���� ���� ���ô� ����.. ���� ���Һ� ������ ����... �� �׷��׿�..,0
kim****,"�Ϻη� ��ٸ��� �ϴ� �� �� ����...
���� ���� �ʹ� ����...",0
�г���1743,������ �־��̳׿�. �ʹ� �����ؼ� �Ѱ� ������� �ؼ� ���µ� ���� ���� 10�� ���ĺ��ʹ� ��Ʈ�� �����Ҽ� �ִٰ� �ؼ� ��¿�� ���� 6�� ��Ʈ�� �����ߴµ� �ʹ� ��ȸ������ ���� ���µ� ���� �������̳׿�. ���̽�ũ�� ���ֱ��ѵ� �ʹ� ��ΰ� ������ �������� ������,0
MVP1st74,�������� �� �ѵ� ������ �쿬�� �������� ª�淡 �󸥻���.������������� ��û�پ����󱸿� �������̶� ������  �� ���ؾʰ��� ���̿���,0
�ϵ���7671,"��� ������ 6�� �̻���� �ĳ׿�,, 30���̳� ��ٷȴµ�. ȥ�� �� ����� ���� ����� ���°� ���ƿ�,,",0
�Ҽ��ؿ�,�ٽ� �Ȱ��� ���ƿ褾���� ���絵 ���Ȱ�,0
����ٴ�53,���� ���̽�ũ������ ���ϱ��ϳ׿�,0
�����1,"���� ��ѰŰ��ƿ��
��ӱݸ��� ������",0
lwg****,������...����,0
������44,��ٸ��鼭 ���������� �ƴ�!!!,0
������44,"��ó�� ���Ⱑ ũ���� �ʰ� ���춱�� ����� ������ �����̰� ���ݵ� �ʹ� ��ο�
���� ������ ������ �Ծ���͵��� ��µ� ��Ǹ��̳׿�
���Ⱑ ������ ���� ���� �� �ؾ��ϴ°� �ƴѰ��ͳ׿� ���⵵ ��ŭ�ϰ�",0
tae****,������ ������ �޴����ؼ� �� �����ýð��� ����� �������� �ұ��ϰ� �γ����� ������  ������ �Ծ�ôµ� �۽�� �׳� �߾��� ����ٴ� ������ �ƴϸ� Ư���� ���� �� �𸣰ڳ׿�..,0
����,"������ �߿� �Ǹž��ϴµ��ؿ�
���� ��û ���µ� ���� ������ ���?
��ǰ�� �ִµ� ��",0
������,�������� ��ǰ�� �ȵǰ� �������θ� �ǸŵǴ°� ������,0
fre****,���� ���ݸ� ���,0
cholaura,�Ż��̱淡 �Ծ�ôµ� ���ȳ��� ��ȫ������ ���Ʈ ÷���� ���̿���. �̰� 5500�� �ְ� �Դ��� ���̽�ũ���� ���� ���������� �Դ°� ���ھ�䡦.,0
wjs****,"�ƴ� ������ ������ ���ϰ� ��α�� �巴�� ��α� ���� ���� ���� ö�� �ƴѰ� �ƴµ�..... �ʹ� �ر��ϴ������
�� ����Ծ�� �ɿ����� ��������
���̽�ũ���� �ΰ����� ���̾����...",0
������1768,���ݿ� ���� Ư���� ���� �� �𸣰ھ��,0
seu****,"���� 10�� �״þ���, �Ͼີ ������ 30�� ����
�׸��� ��ġ�� �۽�..",0
�ֱ�529,����� �ٸ������޸� ���� �ֱ淡 �ñ��ϱ⵵�ϰ� ����� �������������ؼ� ���� ���������ͼ� �ϳ��� �ֹ��ߴµ� �԰����� ��ȸ���� 1��1���̽�ũ���Ҳ�..���� ���̽�ũ���� �� ���־�� ������ ��ŭ ��α�������,0
5115ȣ��¯,"�� ��ο�. ȥ�� 6���� ��µ�, �� ������ �ߺ����� ��� �ִ°� ����? �̿� ���� ������ ���׿�.",0
�����̸��,�������� �Ա�����  ���̽��� �ޱ�����  ��¿������  10�� ������ �� �� �Ⱦ���� ��������� ��ǰ�� ǰ�� �ڽ��� �Ǹ�  ����� �ƽ�����,0
����49,������ �ִ� ȫxx�� �� ���֡�,0
Haalmee,"11���� ���µ� ��ǰ�� ���� ǰ���� ���� �ڿ��� �ٷιٷ� ������� �� ǰ���ΰ��� �𸣰ڳ׿�. ��Ʈ ��ǰ�� �����ϰ� ��ǰ�� �� �ȴٴµ���  �� ���� �ķ��� �ϴ� �ɷιۿ� �� ��
�̰����� �׳� ���� ������ �ߴµ� �� ��¿ �� ���� ��Ʈ�� ��׿�  ���̽�ũ���� �����ε�",0
�ڴ�5823,������ �� ��ο�,0
sy9999,�����δ� ���Ÿ��� �Ѥ�,0
rn****,�ʹ� ����ϸ� �Ǹ�.... ������ ���ݸ� ���ϴٸ� ..... ���� ������ �ƿ� ���� �ʴµ��ϳ� �ּ� 6�� �������� ����ϴ���,0
��������97,�������� ���ο�����,0
�Ǻΰ�����,"������ ��� �մ� ������ �˰ڴµ�
���� ���س��� ����� Ȯ�� ���ѻ��¿���
����� �������� �ѵ������̶�� ũ�� �θ��ô� ���������̽��� �����ϰ��س���
ī�� ����Ȱ� ���� ""�ƾ��"" �Ѹ���
���� ���̽�ũ�� ���� �����
������� �÷������� �ٽ� �÷��ּ̾��
���� �����߽��ϴ�",0
nym****,�ʹ���ο�,0
�߹ٴ�273,���� �ִµ�  ��ε� ��~���ʹ�  ��ο�,0
dre****,�� ��ѵ�......,0
�Ͽ�0,���� �ִµ� ������ �� ��ο� �Ф�,0
�̿����ְ�,�ټ��� ��ٸ�..���̽�ũ���� �����Ⱑ  �ƴѵ�. �԰����� ���� ����~ �׷��� �ʹ����. ����~ ũ��ġ����������� ���� �Կ��� �����. ���ִ���~,0
�ٴҶ�9749,����� �������^^ ������ ����ϳ׿� ��! ���̽� ���� ���� ������ �Ǵ��� ���߿� Ȯ���߾�� �̸� ������������ ���̽� �� ��� �ƴµ� �ƹ� ������ ���� ������ �� �� ���ο��׿�,0
�ϸ�ȴ�2317,"���ֱ��ѵ� ī���� � ����� �ʹ� ��ȿ������ ���� ������ �Ѹ��� �������� ���� ���� �� �ϰ� �ִ��󱸿� �׻��̿� ���� ��û �������,, ī���� �˹� �� �÷����!!!",0
ũ��ġ���,"�� ���ݿ� ���� ������ �ʾƵ� �ɰ� ���ƿ�. �ʹ� ��ΰ� �غ����ֽô� �͵� ������, ������ �����ϰ� �������� �׷���?����.�Ф�",0
����,"�����ϴٱ⿡ ��� 40������ ��ٷ��� �ܿ� ��µ�, ���󰡴� ������̾��� ������ٷ��� �̰��ݿ� �츸�Ѱ��� �𸣰ڳ׿� �� ��湮 �ǻ�� �����ϴ�",0
ȭ��Ʈ���ݷ���ī,"���߽ɸ��� �۽ο� �׳� �ѹ� �ټ��ð� ���� �׸� ���������� ���Ҵµ��� 40���� ���� ��ٷȾ��
��ٸ��½ð��� ��ϱ� ���� �� ���� ��� �� ����Ұ� ����, �����ҵ��� ���µ� �ܶ� �缭 �����ٱ� �ϴ� ������ �߰��߰� ��� ��� �ű��� ���̾����ϴ�

�νð� �ȿ� �������� �ٷ� ���庸���ؾ� �Ѵٰ� �ؼ� ���������� �� 6��¥�� �ּҷθ� ����ϴ� ����� ������ �����⸦ ���ٴµ� ���� �˵� ����ũ�� ����� �Ͼӱ��� ��ȭ�ο� ���ְ� �Ծ����
������ ����, �ð��Ҿ� ����� ���������� �ݵ�� �Ծ���Ѵ�?  �װ� �ƴѰ� ���ҽ��ϴ�
��湮�̳� �籸�� �ǻ�� ���������~",0
����������98,"������ ���� �ʹ���
�׷����� �ұ��ϰ�
���ఴ���� ���� �ñ��ϰ� �����ϴ��ϴ�
�Ѽտ��� �������ù��� ����ִ�
������

�ٽ� ������ �湮�Ѵٸ�
���� ���� ���� ��

���Ҷ� �ȿ�
���� �ϳ� ����ְ�
4500�� ��ȭ��",0
alsdk02,�ȿ� ����� ����� ������ ��������ϴ»���� �Ѹ��ε� �ʹ� ������,0
hyj****,��ΰ� ��γ׿�...���� �� ���ݿ� �� ��ġ��...�ѹ��� ����°ŷ� ��Դ� �Ŷ��ĵ�...�ٽ� �� ���������...,0
�躸��,"���� ��� �������� �پ���� ���� �� 
���ݵ� ��ΰ� .. �׷��� ����� ���� �����ڸ����� 4�� �Ծ���� ���� 
�׷��� ������ �ٸ� ������ �� ���� ����� 
���߸Դ� 8�� ���̵� ���� �Ⱦ����� ���� 
���̵�",0
ggr****,������ 20���̳� ��ٸ��� �����Ǽ� �ֹ��ϴµ� ���� �ȵȴٰ� �ؼ� �� ¥������� �̸� ���̶���� �ȳ��� �־����� �� ������ ������,0
��29,����....��û ���׿�,0
��8997,���ְ� �ٵ� �ݹ� �پ��µ� ������ ��ο� �ФФ� ���� ����� �׷��J���� �Ϻ����� ��Դ� �ͺ��� �� ���־��,0
�ɳ���17,�� ���� �¾Ҵµ� ���ù��� ������ �ǹ��ȳ׿�̤̼��������� ��ǵ� �ӻ�...,0
�߿�߿�9254,���� �ִµ� ģ������ �����ó׿�,0
3�ʹ̽İ�,�������� ��ο�??,0
kr****,"�˹ٻ��е��� ���� �����ž��ҵ� �մϴ�. 

�Ѻ��̼��� ����,���,���̽�ũ�� �غ�, ��ǰ���� ���ɴ��ϰ������� ������� ���پ����.....",0
omk5279,�׳� �������  ��ΰ� ���� ��....,0
fks****,�׳� ���� ������Դϴ�,0
jkn197986,"�ֹ��޴� ���ں� �Ҹ������Ѿ�
�ٻܼ��� ��ģ���ϼ�����..
���� �׳ɱ׳�",0
�䳢���,"���� �ȸԾ���� �𸣰�����
�˹ٻ����� ��� �׷���
���������� ��ģ��
6���� ������ ������ �����
������ �����ְ�..
���ݵ� �����
����� ���½ð� ����ϰ� ����
�������� ���
�ι��� �Ȱ��Ͱ��׿�",0
����,���ð����� ���۵� ����� �׳� �׷���.,0
Ŵ�䳢,���� �䵥 ���밡 ����. ���� ���,0
�ʻ��81,"�� �ϳ��� �ʹ� ��Ѱ� ������.. ���� �����ñ���
�ؼ� ���� �ʿ� ���°� ���ƿ�",0
CHLOE3923,�ѳ� ���ִµ� �� ��ΰ� �����Ͻô� ��(?)�� ���� ������..,0
���ø��9736,���ݿ����� ���� ũ�� ���׿��,0
Ȳ����,"�ָ��̶� �׷��� �⺻ 30�������� ������ �ʼ�
������ ������ �������� ��������̽�ũ�� ����!����?���÷� ��",0
smm****,���ִµ� �ʹ� ��ο�,0
��������,�������� ����.. �����ù��� ������^^,0
hjylee1005,11�õ���... ����� �������� �׷��� ������ �ʾҴµ� 40�б�ٷȴ�... �̷��Ա��� ��ٷ����� ������ �߸𸣰ڴ�... �ð�������... �츮�� �����ϴ� ������� �׳� �׸�.. ���￡�� ������ �� ���־����Ͱ���.....,0
nicuhn,�ʹ� �ô� ������ �����.,0
ses****,"���ִµ� �ʹ���ο� 
�ѹ������� ��������ؿ�",0
michael451,"�������� �����ϴٰ� �ؼ� �� �Ծ��µ� �� ��� ������ ���� ��γ׿�..
�������� ����� �� ���� �ʰڽ��ϴ�..
�� �������� ���� �Ұ�...",0
zaz****,�ʹ��ʹ� ��ο�,0
����,"�����ѵ� �ʹ���� ���Ⱚ�� ����������������
�������װ����ΰ���",0
bgj****,������ �ʹ� ��γ׿�,0
y a m,"������ ��ȭ�ΰ���. . . ?
���� ������ �ټ��°� ���ļ�
�� ������ ���� ���� �� ���ƿ�Ф�
�ý����� �ٲ��ּ���ФФФ���¥ �� ����
�ٵ� ���� �λ������ ����.
���� ���� �ù� �ټ��ϴ�.",0
��ĥ���海,�����Ϸ� �緯 ����� Ư���ؼ� ������ ģ������ �ʾƿ�,0
lemonsoda90,"1���� 3500�� �̻����� ��Ѱ��� �־��.
�ѹ��� �Ծ���� ����Ʈ����.
�ٸ� �������Ҷ��� �޸� ���⸦ �÷��� ���ΰ��� ���� ���� ������ �޾ƿ�",0
diz****,�տ��� �Ǹ��ϴ� �������� ���� �ʹ���ģ���ؿ�.��г�����.10���� ��� ���ù��� �ִ��� �˰� 10���� ��µ� �׳� �ֽñ淡 ���ù� ����ô��� �������� ������ ��� �����ؾ� �ִ°Ŷ�鼭 ������ �ϴµ� ���µ� �������� �ؼ� ����� �����µ� ������ �θ�� ��帮���� �ٽ� �湮�ؼ� 4���� �����ߴµ� �׳� ���̺����� �־��ֽô��󱸿�. �׷��� �˼��ϴ� ���� ���� �帮�� 6������ ���̹ڽ��� ����ִ°ų� ���� �׷� ���� �˼��ϴ� 6���� �����Ѵٸ��ϴϱ� ¥�����ٴ� ǥ������ �ѹ� �Ĵٺ����� �̹� ������ ���̵� ���̺����� ���̺� ���� �� �������󱸿�. ����� ���� �ʹ� ���߾��. ���� ���������� ������ �׷��� ���� �����Ѱǵ� �װ� �����ٰ� �����ٴϿ�. ���� �ʹ� ��ģ���ؿ�.���ణ�迡 ��ǵ�Ư�������ִ°͵� �ƴϰ� �� ���������.,0
comlcoml,�� �Ը����� �� �¾Ҿ�� �Ф� ������� ������ �׷����,0
�̻Ѵ�54,��� �̱����� �˾Ҵµ�..�ƴ϶� �ƽ���..�ܸ��� ���ؿ�,0
����ȳ�71,������ �簡�� �����Ű��ƿ� �ٵ� �� ���ϰ� �޾ƿ䡦,0
���̶�3434,�������ڸ��� �ټ��� �缭�Ծ��µ�~~���� �״�!!!,0
���������59,"���� ������ �������� �ʾƼ� �׳� ���
�̻��� �Ծ�þ��
Ư���ϰ� �ѹ� �������ؿ�",0
�����ϸŷ�31,"���� ���� �ִµ� �տ� �ִ� ���ں��� �ʹ� ��ģ���ϳ׿�,, �ٺ��� ����� �˰ڴµ� ���� �Ͻôº��� �׷��� �ϴ°� ���� ������ �����մϴ�",0
��ʸ����»����,������ �ʹ� ������ ���Ƽ� ���Ը��� �ȸ´��󱸿� 42000���̳��ְ� ��µ� �Դٰ������ ���ͼ� ��Ȳ;;�������� �ƴϿ��� �����̾����~�����ϼžߵɰŰ��ƿ�~,0
�ޱ���,"�Ʒ� �ٸ��� ����ó�� ��ǰ������ ���� �� �� �־��µ�
�� ������ �Ǿ� �ֹ��Ϸ����ϴ� ������ ��Ʈ�� �����ϴٰ� �����ϼż� ��Ȳ�߽��ϴ�. 
������ ������ �־��µ� �ʹ� ���۽����� �����̾��׿�.. 
(�׸��� �������� �ȹ������ �� ����� ī�����ĸ���ؼ� ���� �ֽ��ϴ�..)
�߰��߰� �ȳ������� ��Ʈ���ݰ� ���ù� ȫ���� �ְ� ���� �ʿ��� �ȳ�(��ǰ����) �ȵǾ��־����ϴ�..
��ǰ �����Ͻô� �е��� �����ϰ� �� ���ñ� �ٶ��ϴ�..
���� �����ϴϱ� �� ũ�� �����Ͻô� �е鵵 ��ð����� ������ ����� �����ϴ°� �����ؾ��Ѵ� �����˴ϴ�.
���� ����ܷ� �������� ������ϴ�.
�Ƹ� �� ������ ������� ���Ե��� �ʾ����� �ͳ׿�..
(���α� �ı�� �ٸ��� ���� ��ٷȽ��ϴ�.. 5:40 ������ 6:12 ī�����)",0
RedApple,������ �Ѱ��� ���� 4õ���á� ������ ��ٱ⺸�� SNS ���ε������ �����ϰ� �Ǵµ����� ���� ���־�� �ƴ϶� ������ ���濡 ������ ��� �Ǵµ� �մϴ�,0
lo****,��밡 �ʹ� �������??�� ��,0
�ȴϿȇ�,"���ױ���ȾƼ� �ϳ�.�� �Ծ������ �ƽ�
�ΰ��� �� ���ĳ�",0
���������,�� ��ο�,0
�̾߿� ����,"��湮 �ź�.
�߿ ����� �� �뼺�����ϰ� �� �־����.
�����",0
eun****,��ο�,0
��պ�¯,��ٸ��� ��ٸ��� �����߾��~~������ �� ��γ׿�,0
smddkdjd,"��ʺ� �ټ��� ��Ծ����. ������ ���̽�ũ���� �ñ��߰� �θ�Բ� �����帮���� �ټ��� ��ٸ��ǵ� �ϴ� 1�������ϴϱ� ������ �� �ȷȴٸ鼭 ������Ͻô������...??? �� ���� ���̰� �������ϴ�.

�ڿ��� ���� ����ȵ� ��� ���̴µ�..

�ƴ�.. ������ 6����ſ�� ���� 6���� ����Ĵϱ� �װǵȴ��;;
���� ���� 1��~ 5��������߾ ����°ſ��׿�??!

������ 6������ �ȴٴ�.. ���� 1���� �� �ȷȴٴ� �� ���� �ʹ� ���̰� ��� �ٽô� �Ȱ� �� ���ƿ�.

�׸��� ���θӽ�Ĺ �ʹ� �� �Ʊ����̾����. ���θӽ�Ĺ�� �ӱݸ��� ������ �����Ǹ��� �� �ȴ������� ���� ��¥ ���ο����ϴ�..",0
hfr****,�� ��γ׿� ��ֵ��� ���ִٴµ� �������  �ټ��� ����������� �ƴѵ� ��Ʈ�λ�µ�  �׳� ������� �ϳ���  ������� �� �ܰ������Ͻ� �����ҵ�,0
�ٸ��ٸ�,�߿ 30���� ��ٷȴµ� ����ü� �� ���缭 �մԿ� ���� ����� ������ �������ٵ� ������ �ƽ������ϴ� ���� ��ٸ���ŭ�� ���� �ƴϳ׿� �Ǹ��ϰ� ���ϴ�..,0
sac****,�ټ��� ���������� �ƴ�  �ʹ� ����� ����,0
dhdwldthd,"�߿ �ʹ�������ٷȽ��ϴ�,,, �տ��� �����ϴ� ������ �Ѻ��̴��󱸿�,,",0
violetsuki,�������� ��ٸ��½ð��� ���� �ƽ�����,0
������,�ټ��°� �ʹ� ���� �׸��� �ʹ� ��ο䡦 ���ݻ�� ���������� ������ �ٵ� ������ õ���� �� �׳� ��������,0
oin****,"�߿� �� ����� ��ٸ� ���� ����ģ�� ������ ������ ��µ� ���� ģ���� �Դ��� ��� ���Դٰ�
���� �� ������
��� �̾��ϴ�����
�ٷ� ��ȭ�ߴµ� ���� ��ȭ ���� ���� �ȵ�
������ ����
�尡 �� �� �ȴٰ� ������ ���� ��ģ����
������ ���� ����
������ �� ������ �׷��� ����� �𸣰���
��ư �β��� ��� ��� �־ ���� ���� ����̾����� ��������~
�Դ� �� ���� �峭ġ�� ���ð� ��� �ȹٷ� �ϼ���",0
����,"������ �Ǹ����� �ʰ� ���� ���浵 �Ұ��� ��.

�ȿ� �����Ͻ� �������� ���ڼմԵ� ���״� ���������� ��ģ���ϰ� ���ϰ�, ���ڼմԵ� ���׸� ���� ģ���ϰ� ����.",0
����346,"���ݴ�� ���ο���.
�ٽ� �Ȼ������",0
����,���ݿ� ���ؼ��� �����ε�,0
Baixue,Ư�������ʾƿ�,0
Sophia3492,������ �ʹ� ��ο�� �� �ѽð� ��ٷȴµ� �ֹ��޴� ���� �Ѹ��̽ô��� �κ����� �������� �ϳ׿�,0
������,���������� ���� ���� ����ſ���� ��α� �մϴ�,0
����2650,���������� ģ�� ���ε� �����ҷ��� 30�����̻� �ֹ��ߴµ��� �����ù質 �����ֳİ� ����� ���񽺵� ���� �������ù� 6õ�� �ٴ´ٴ�����~�����е��� ��Ͻô°��̶� �׷��� ��� ���ݿ� ����ģ������ ���񽺰� ���� �ƽ������~10��Ʈ ����  �´ٰ� ��������Ф�,0
Equinox,��ũ���� �� ����Ʈ ���̽�ũ��.,0
314lys,"������ �������� ����,,�����",0
����������,"2021 12 26 ���߿, �����ϱ����� �ټ��� ��Ȳ�������ʿ����� �ʰν��ϱ�?
���̺��� �۰����� ����ؼ�
������ ����, �ٸ������� ��ٸ��� �ֵ��� �ϴ�
��� ��õ�帳�ϴ�.
��¥ �ӻ�� ��ٸ��� �߿��� ȥ���׿�",0
wkr****,"....�� ��ο� �Ф� ���������� �����߾��
�߿ ���� �� ��ٸ��µ� ��������",0
���õ��ȳ�,�ٵ� ��Դ� �������� ���� �������� �� ��ο�,0
gol****,�׳����� �׷�,0
hon****,���̵�� ���ڵ��� �����Ҹ��Դϴ�..�ʹ� ����ϴ°Ϳ� �����ϴ� �� �Ͻŵ��մϴ�.,0
�����˲پ�,�Ǹ� �ߵȴٰ�  �Ѻ�ģ���ؿ�,0
RA9440,"���ֱ��ѵ� ���� 3.500-4,500�� �ְ� �Ա⿣ �� ��ѰͰ��ƿ�� + �ټ��ִ½ð�..",0
local��8822,�׳� ������ ���� �ϳ� ��� ���¸��̿���,0
mcurator,"Ư���� �����ΰ� �˰ڴµ� 
�ް� �ʹ��ʹ� ��γ׿�",0
dbs12200,"�������� ��û ����. ��ó ������ ���� �߿� ���� ���� ������. ����� ������� �־��� ������ �̱��ؼ� ���־��. ����� ���ִ°͵� �ְ� �ƴ� �͵� �ְ� ���Һ�. 1�� �̻� �Ա�� ���� �޾Ҿ��. �� ���� �Ծ�� ������, �� ��� ��ο�.",0
�츮������,"�ʹ� ��ο�
���� �ִµ�...",0
staryo,�ʹ� ��ο�,0
����73,�� �ʹ���� �ʹ��޾ƿ� �ι��� ���԰ڳ׿��,0
�����,���� �α⿡ ���ؼ� ���� ���γ׿�^^;;,0
����63,�����ϴٴµ� ������ �׳� �׷���,0
�����ǵ��ϸ�,�̰� �� �ټ��� ��Դ��� ���ذ� �ȵǴ�..�׷� ��! ���� �������� �Ĵ� ��� �ξ� ���־��!! �� �ʹ� �ޱ⸸ �Ѱ�!Ư���Ѹ��� �ƴϴ� ���� ���پ�! ������ �������� ���� �Ȼ碌��,0
��ŭ�����,������� ���Ͽ��� ���ƿ�~~,0
ȣȣȣȣȣ10,"30�� ��ٷ��� ����?? ������ �������÷��ֿ� ���µ� �ű⵵ �ִ������, �پ��� ����־��???? ��ٸ��鼭 �ʹ� ��밨�� Ŀ������ �𸣰�����, ��� JMT�¾ƴϾ����.. ???? �˵������ ����, ���⵵ �۾ƿ�. ���������δ� �Ϻ��� ��ӱ��� �� ���־��. ���ݴ�� ���ο���????",0
SB��,"���������ߴµ� �������Ű��ȵǳ׿�
�ٵ� ��ٸ����ؿ� ��¥ ���־��;;; ���������ߴٸ� ��ǳ��ȸ������ �� �����̿���",0
�������,��ο�,0
J0050,������ٷȴµ� ��α⸸ �ϰ� ���� �����,0
camel1223,"�� �ټ� ��ŭ ���ִ� ������ ��
�𸣰ھ��~~
���� �Ϻ��� ���� ���� �; ����ߴµ�
���Ⱑ ���� ���춱���ҿ���.. ���� ���������� �׳� ���Ҷ��̶� ���� ���� �Դ°� ������.. �׷��� ������ �ñ״�ó ���� ������ �ѹ��� �纼�� �ѰͰ��ƿ�!",0
Letstoast,�������� ��û ��� ����������,0
jan****,���� ����,0
�����,���ݴ�� �ʹ� ��ο�,0
kimboa09,�ټ��� ��µ� ���ݴ�� ���⵵ �ʹ� �۰� ����ؿ�,0
comelw,�ѹ��԰��ȸ�����,0
��¼��,"���� ��� �����̺�ο�
���� ���� ���f���� ���ǳ׿�",0
������965,"Ư���� ���� �� �𸣰ڱ���.
������ �ʹ� ������ ���簡 ������ϴ�.
������� �Ϸ��� ���ھȿ� ĭ���̸� �δ� ���������ؾ��մϴ�. �� �پ �� �������� �Ⱥ��Դϴ�. ������ ��ǰ�� ���� �ʹ� ��Դϴ�.",0
azztt,�ʹ� ��� ��,0
asdf3444,�ټ��� �Դ����� �𸣰���,0
�����������35,��ο�,0
godksml1004,���̳ʹ�����Ф�,0
Lamael,���� ��û���� �����,0
����60,�����̳� �ټ��� �Ծ��µ� Ư�������ʾҾ��..��ΰ� �ѹ����� ���ؿ�~,0
�����67,"���󰡴��Ѹ��̿��� 
�� �������� �����ϰ� ���������� �ƴѵ��ϳ׿�",0
�����,"����ٿ� ���� ��� �ð��� �ʹ� �����ɸ�
���� soso",0
kasuhye3248,�Ǹ������� �÷����ҰŰ��ƿ� �ʹ� �����ɷ���,0
eunbhan1,���ֽ��ϴ�   ���� ��Ⱑ ����  ������ ������ ���Ŵ�� �ϴ� ������ ���� ��� ���ּ���,0
ũ������,"������°� ���ֱ淡 ������ü�ϰ� ���ݿ����� ��û��ȴµ�, �����⿡ ����� �ȵǾ� �־� ���ݿ����� ó���� �ȵȴٰ� �ؼ� ���߽��ϴ�. �ټ��� �簡�� ������ ���� ���ݿ������� �ȵȴٴϡ� ������ü�� ������ �ߴµ� ���ݿ������� �� �ȵǳ���?
6�� 21,000���� �ӱ�&��ӱݸ� �ش�ż� �ٸ� ������ �� �߰��� �����մϴ�.
�̷� ���뵵 �ȳ����ּ����� ���ڳ׿�.",0
jae****,"�� ������ ��μ�, Ư���� ���� �� �𸣰ھ��. �׳� �����ϰ�, �����ؼ� ��Դ� ����",0
�ط�1031,"���� �þ�� ���� Ȧ���� ��µ�
��ΰ� ����� ���� �ƴϰ�...
�׳� �׳��� ���� �� ������ �߾��",0
as0****,"���ֱ� �ѵ� �ʹ� ��μ� 10�� ��µ� 1���� �缭 ���� ������ �ϴ�
������ ��׿�",0
��������,"�ټ��� ���� ������ �����
���� ��û ��δϱ� �ñ��Ͻø� �Ѱ��� ��弼��",0
��������,"�ټ��� ���� ���� ���� ��
���� �ÿ��ϰ� �ð� �����ø� ������ ���� �԰����� �������� �˹����� ¥�����°� �����鼭 �ټ���ŭ �������ѵ��� �ƴ� �� ���׿� ������ ������ �մԵ��� ���Կ� �پ �ټ��־��µ� �ٱ����� �ѾƳ��׿� ������ ���Կ� �մ��� �ٿ��� ������ذ� �ȵǴ°� �ƴѰ��� ? �˹ٳ��� ���� ���ٶ��鼭 ����տ� �ִ��� �׷��ð��� �����̳� ���� �ؼ� �� ���� ������ 1�� �Ⱥ��� �ټ��� �Ʊ���� ��µ� �ٸ��մ����� ¥������ ���� �װ� ���ϱ� �ٵ� ��ġ���鼭 �־����ϴ� �װ� �մ� ����Դϱ�? ������ ���� ���̽�ũ�� ���Զ� ģ������ �ʹ� �񱳵ſ�",0
��5123,����� ������ �ܺο� ������ �ٴٹ���������? �ݹ��̿����..,0
����4673,Ŀ�ǰ� �޴��ϴ� �����׿� ���� �ٷ� ������ �־ ���� �缭 ���� �������� �ְ� ��.. �׷��� �ٴٰ� ���̱� ��.. �� �� �����ƿ� �ٵ� ������ �ֳ׿�...? ��������.. ¯ ū��... ��������...,0
aw****,�䰡 ���� ���ڰ� ī�䵵 ������ â���� �������� �� ��ó ������ â���� �����ؿ䡦.,0
��2��,����Ʈ ���ְ� �� ���� ���� ��⵵ ���ƿ� �ٵ� �����ϰ� ��~�� �ɾ���ؿ� �Ф� �길�ϰ� ������ ȭ��ǵ� ��û ���������� �ʳ׿� 1�� 1����� �� �絵 ���� �ʼ��� ����ؿ�..,0
�ٺ�8179,�������� ���̺��� �ʹ� �������� �ʹ� ����ؿ� �޴��� �� ���ϰ� ��ѵ��ؿ� �񰡿ͼ� �����ߴµ� �������� �ʹ� �Ф� ������� ���������ʹ� ������ �� ���߱��� õ���Ĵ� �� ���� �������� �� ȭ�� �����󱸿� ���� �����̿� õ����û���ϴ� û�ұ⵵ ������ �Ф� ������ �ʹ� ��Ȧ�ѵ� �ؿ�,0
������,������ 1. �䰡 ���� 2. ������ �д� 3. ��ó ��Ÿ��� �� �ִ� ������ 1. ���� ����Ƽ�� ���� ������ ��.. 2. ������ ����̳� �Ѳ��� �������ִ°� �ƴ϶� ���µ� ���¶� ���� �����ϴ�(�������� ����ٴϴ°� ������),0
merimy,Ŀ�� ���� �� �����.. ���嵵 �������� �ʾƿ�..,0
��Ʈ����Ʈ3,QRüũ�� �ϰ� �ٷ� ���� �ֹ��ؾߵȴٴ� �ȳ��� ���� ������ �� ���׿� ���� �ֹ��ϰ� ���̺��� ������ �ߴµ� ��� ���̺��� ������� ���� �기 �ڱ��� �ְ� �ڷγ� ��Ȳ���� �� �����ؾ� �� �ǿ� ������ �� �ƴϳ׿�. ���� ������ ���Ͽ��µ��� �ұ��ϰ� �����е��� ���Ҵµ� �������� ī���Ϳ��� ���ְ� ���̺� �۰� ���������� �� ���Ͻô°� �����󱸿�,0
����Ʈ��8771,������Դϴ�. Ŀ�ǰ� ��ΰ� �絵 �۾ƿ�. ���̽��� �����ſ� �ְ�..�Ѳ��� ����.Ŀ�Ǵ� �����Դϴ�.,0
��8065,"�丸 ����, ����� ������ ��ΰ� ���� �����. ������ ģ������ �ʳ׿�. ���� �絵 ���� ������ �ʹ� ��ο� ��",0
CherryBlossom,"�䰡 ���ڰ� ���׸�� �� �����ϴ� �׷���, �����е��� �ſ� ��ģ�� �Ͻð� ���ᵵ ���ݴ�� �ʹ� ���̾��� ���� ������ 9�� ���ε��� ������� �ʹ� ������. �ʹ� �Ǹ��߽��ϴ� ���� ���� ��� �� ���� ��� ���� ����ؾ��ϴ�����. ���ͼ� ������ �������� ������ ȭ������ ������� �ֹ��϶�� �ؼ� �� �θ��߽��ϴ� ������ ��µ� �ڷγ������� ���� ������ �ȵȴٴµ� ���ö� ��������ΰ���, ���� �ٴڴٴ� �پ��ִ� ���̺� ��ġ���� �����ؾ��ϴ°� �ƴ�����? 9�� ���ε� ������� �ʹ� ������ �ڸ� ���ڸ��� ���� �ָ��ָ� ������ ������ �ٶ� ������ �ڸ� ã�� ���� �Ű���ϴ� ����� �ʹ� ���� ź���� ���� ���ݿ� ���� �絵 �� ����� �������� �ѹ� ���� �� �մԵ������� ���ݸ� �� ģ���ϼ����� ���ڳ׿�",0
ŷŷŷ95,Ŀ�Ǿ�����,0
�λ�����ſ�9,"���� ��û �а�, �䵵 ���ƿ�~! �ٵ� ���� �� ������ ������~ ���� ����?�� �� ��� ������~ ������ �о 1�� 1�޴� �ΰ� �˰� �˾Ƽ�~ �� ��ų�ٵ� ��� �մԵ� ���� üũ�ϰ� ������ �ѹ� ������� �ѹ� ����̳İ� üũ�ϴ°� �� ��� ���ڳ׿� ���� �տ����� ������ ���� �ڿ� ������ ��������� ���� ���� ��ٸ�����ϰ� �̰� �� ���� ù���忡 ����� ���ϳ׿�",0
�ʶ��Ҽ��ִ°ž�,����ΰ����� ������ ���ִ� ����� �湮�ߴµ� ���� ��°ġ�� ���� �׸��� ��ģ���Ͻ���...�Ⱑ������¥ �������� ���ں����� ��Ʈ�Ͻź� �׷������� �մ����� ���������� ���������Ͻôº��� ���°��� ���� ����� �µ��� �Ǹ� �ȵ��� �װ͵� �մ�����...������ ���������� ���� �����Ѻ���Ŀ�� ���°� ������ �ͳ׿�.,0
1522happy,���� ������ �����Ȱ��� ��������,0
kan****,�� �Ը����� ���Ű� �� ¥��,0
ald****,�ѹ��� �������ѵ� �ι��� �״��Դϴ�.,0
kryr7896,��ٸ��� ���Ŀ� �ٽô� �Ȱ��� ���ƿ� �Һ��ڿ� ���� ����� ���� �����,0
www����,"��, ��ӱ�, ����, ũ��ġ�� �Ծ�ôµ�,, ũ��ġ� ���� ���ֳ׿�. ���̶� ��ӱ� �ʹ� �޾Ҿ���.�� �ټ��� ���� ���� ���� �ƴѵ� �ϰ� ũ��ġ��� �� �԰����� ���̿���. ������� �� ���� ��! (�����ð��̳� �������ؼ� ������ ������. ���� ���� �ð��� �� ��û ���䡦)",0
�ʷϹ���,�Ϲ����� �������. �� ���� ���������� ���� �ƴϴ�,0
jei****,�����ϳ� ������ 3500-4500���̶�� �Ф� ������ ��ѵ� ���� ��Ʈ���� �Ĵ� ���춱���� �������ϴ�. Ư�� ��������... ������� �ټ��� ��淡 ����� ��ȸ�մϴ�.,0
��ѷ���43,��ο䡦������ �ֹ��޾Ƽ� �����õ� ��� �� �������ϸ鼭 �Ա⿡�� �׳� �ƽ�����,0
soo****,�������,0
����8,������ �ſ� ����ϳ׿�;;;;;; �̰��ݿ� �ι��� ���԰ٳ׿�. ���� �����̽�ũ���� ���پ��. Ư���ϰ� ���ִ°͵��ƴϿ���. ���� �͸��̿���. �Ϻη� �ټ�������ϴ°��� �ֹ��� �ʰԹް�~ �����½ð��� �����ɸ���~ ���嵵�ʰ�~ ��¯����ϴ°���.. �������� �� ����Ϸ��� ��� �������� ���� ������ ���γ׿�.,0
�� ��,�� �� ���� ��Դ��� ������ ���ؾȵǴ� ����,0
yo2dayo,���ֱ� �ߴµ� �̷��� �ټ��� �Ծ�� �ϳ����Ͱ� ��γ׿�Ф�,0
´1326,���� �ʹ� ��׿�,0
�ٽ���65,������� �峭�ƴϰ� ���� ���� �׷�����,0
��������,�� �� ���� ������ŭ�� �ƴ�,0
�����,���������� �������ź����Ѱ� ���ึ������ ���½ð��� �ټ��ִµ� ������ �׿��� �����ϰ� �ٶ��Ұ� �״��� ���� �ټ��ִ¼մԵ��� �Ҹ����� �̾����׿� �������� �߳����÷��� �մԵ����忡�� �����Ǹ��������մϴ�,0
���Ŀ� ��������,��~~~~~~~~~�� ��� �������� �� ������� ���ͳ� �ıⰡ ���Ƽ� �ټ��� ��Դµ� ������ �ʹ� ��� ���� ���,0
Junyjun,�ָ��� ���� ����. ���� ��ӱݺ��� ���־��. ������ ������ ������ ��¥ ���ֱ���.. ����ö�� �ƴ϶� ���� ũ�Ⱑ �ƽ���,0
���������,"����ͼ� �ѹ��� �Ծ���� ���̿��� ���� �Ծ������ ������ ���థ�� �Ȼ�Ծ �Ǵ� �׷�... �ٵ� ��� ���ݵ� ��ΰ�,, ��ġ�� ���̽�ũ���� ���־���� :)",0
sopia����,�����ڸ���� ��Ʈ���Ÿ� ���� �ƽ��׿� ������̽�ũ�� ������ �� ���,0
������5825,��ǰ�� ���Ȱ� ��Ʈ�θ� �ȾƼ� Ȳ���߳׿䡦,0
°°92,���� �ִµ� ������ ��ο�Ф�,0
dns12200,"�������� ��û ����. ��ó ������ ���� �߿� ���� ���� ������. ����� ������� �־��� ������ �̱��ؼ� ���־��. ����� ���ִ°͵� �ְ� �ƴ� �͵� �ְ� ���Һ�. 1�� �̻� �Ա�� ���� �޾Ҿ��. �� ���� �Ծ�� ������, �� ��� ��ο�.",0
Kal El,"�� �� �ֽ��ϴ�. (�׷��ٰ� �ſ� Ư���ϴٰ� �� ���� ���׿�. ��ȭ������ ���� �� �ִ� ���̶���~) ģ�� �� ���� �� ���׿�. (��ģ���� �ƴ����� ���Ѷ��ϰ� �����Կ� ���� �޴� ����) ���� �� ��� �����Դϴ�. (����� ó���̶� 10�� 4������Ʈ �����ߴµ�, 5���� ��� ȣ��ȣ�� �ֳ׿�.) �������� ��� ������ ���ϴ� �޴��� ���� ���ؾ� �ϴ� �йڰ��� �ణ �ֳ׿� �ѤѤ� ���࿡�� ������ ������ ����ġ�� ������. ������ �Բ� ����Ʈ�� �Ա⿡�� ���ҽ��ϴ�. ������, ������ �Ա����ؼ� ���� ������ ���� �� �ϳ׿�.",0
����ȩ����,���ݿ� ���� �� ��ο�~�׷��� ���־��^^,0
��Ŵ,������ ��ο� ���ݸ� ���������顦,0
��170,2�� 8000���ε� ������ ��ο�,0
�ź����,�����ؼ� ���µ� �����ִµ� ������ ���� ��ѵ���~~^^;;,0
ohs****,��������̽�ũ���� �÷����� ���� ���� ������ ����ϳ׿�,0
chilis72,������ ��ο�,0
�������ູ5643,������ �ʹ���Ѱ� �ƽ��׿�,0
������22,�������� ������ ���̶� �湮�ߴµ� ���ݿ� ���� ���� �Ǹ�. ����?�� ���� �𸣰ھ��. �� �Ʊ����.,0
������9492,���� ������ ������ �� ��ο�.,0
�迩��42,���� ���� �ʹ���ο�~~~,0
mshong1211,������ �� ����,0
����23,Ŀ�Ǵ� ��̰� �ִ����̿���. �� �� ģ���ϸ� ���ڳ׿�,0
Do��,������� �� ģ��������... �׸��� �Ķ�� �ٶ��Ҹ� ���ɴٰ� �ȳ����� �ٿ��ֽô���..���� �ȳ��� ���ִ���; ���� �ٶ��Ҿ ���Ǵ��� ����Ƴ���? �ڸ���� �ⲯ ����� ��µ� �ͼ� ������������^^ �ڱ���� �� ����ھ��? �ٶ��Ҿ ���Ǵ°���..���...; �ƴ� �츮�� ����Ƴİ��� �������ٴ����� �ƴѵ� ģ���� �� ž�����ּ��� �ֹ��Ҷ��� ��;; �����̽��� �ִ� ������ �ٸ��մ� �ֹ��Ѱ� ������ ����޶�°�? �����̱� �����Ƽ� �մԽ�Ű�Ű���..���� �� ���̾����׿� ���ο��� ��ΰ� ��ģ���� �ٸ� ���Ǻ� ī�� ������ ���� ���ʿ伺�� ��������..,0
�ֱ۽�3,"���³� �������̾ �ʹ� �ò������µ� �뷡�� ���ò������� ������ ������. ������ ���� �ʹ� �ʹ��ʹ� ��ģ���մϴ�. ��Ź�ؼ� �Ǵ°� �ϳ��� ����, ���� . �����Ŷ���� �������� ���� �� �����׿�. �ٸ��е鵵 �� ������ ���� �����ؽô��� ������ ��Ű����.",0
�����۱׸�,Ŀ�Ǵ� �������� �ܰ��� �־��. ���׸���� ������ �ӹ������ �����մϴ�. ������ ��ģ��..,0
�ž���88,�� ����! �׸�ŭ ������ ���� ! �׸��� �̻� �信 �ƽ����� ���� �뷡�� �ʹ� �ò�������,0
twinklebyeol,Ƽ�� �̳׿�..������������. �ۿ��� ���ೢ�� ���ص� ������ ����ͼ� �����ϴ�. �ʹ� ��� ����Ʈ �ٴڿ� ����߷Ⱦ�� �̤̤� ��� ������ ���� ���� ���� �� ���ϸ� ������� �� ����� Ƽ��= ������ ��� ����� ���� �ʾҽ��ϴ�. �����Ͻô��� cctv����Ͻø鼭 ���ڵ� �Ͻó׿� �����ϰ� ������ ���δ� ���� ���̴°��� �ƴ϶� �����°̴ϴ�.,0
�Ա���8331,���Էΰ� �賭�ϰ� Ŀ�ǵ� ���ο����. �����鵵 ģ������ �ʾ� ��湮 �ǻ� ����,0
�����ؿ��ο�,��Ⱑ �ʹ� ���ƿ�,0
��̹�,��� ���׸�� ���� �̻��� ���̵�� ���ݿ� ���� ���� �絵 ���� ������ �ſ� ���� �Ǹ��߽��ϴ� ..,0
������17,�仩��. �νγ��Ϸ� ���������� ���Ǻ� ������,0
ȣ����,"����� Ǫ�� ���� �ƴմϴ� Ǫ�� ���԰� �幰� �鷯�þ�� ������ ���� �۾Ƽ� �㿡 ã���� �����߾�� �����ϱ� ����ϴ� ����� ��ġ�ϴµ� ���ΰ� ������ �����Ͽ� �ֺ��� ���� �������Դϴ� �� ���� ������ �մϴ� �̷��� �ִ�, ������",0
��������16,���� �־��~ �ٵ� ������ �ʹ���ο�Ф�,0
